,price,nav,date,isin
98198,4.577284982498556,4.576895189315413,2018-01-03,IE00B14X4S71
98210,4.574350088648204,4.573809541403181,2018-01-04,IE00B14X4S71
98222,4.5730084991796955,4.572867011399304,2018-01-05,IE00B14X4S71
98234,4.572543683160998,4.571719911781758,2018-01-08,IE00B14X4S71
98246,4.57661637857003,4.575763002251881,2018-01-09,IE00B14X4S71
98258,4.576101763490744,4.575108837491328,2018-01-10,IE00B14X4S71
98270,4.573937483556993,4.575092349071351,2018-01-11,IE00B14X4S71
98282,4.56320170116559,4.563375843891113,2018-01-12,IE00B14X4S71
98294,4.554508271185863,,2018-01-15,IE00B14X4S71
98306,4.557606769056481,,2018-01-16,IE00B14X4S71
98318,4.552665632005942,4.552092141987294,2018-01-17,IE00B14X4S71
98330,4.547011271814559,4.548517291410571,2018-01-18,IE00B14X4S71
98342,4.5512418439625355,4.551028628621623,2018-01-19,IE00B14X4S71
98354,4.542496591460033,4.5420951268008345,2018-01-22,IE00B14X4S71
98366,4.541644485108213,4.5390421355512425,2018-01-23,IE00B14X4S71
98378,4.524285457247627,4.524136904524963,2018-01-24,IE00B14X4S71
98390,4.5202112467609,4.518737187160107,2018-01-25,IE00B14X4S71
98402,4.528343135874765,4.5263888491184785,2018-01-26,IE00B14X4S71
98414,4.536677189542791,4.534773472432954,2018-01-29,IE00B14X4S71
98426,4.531631282653221,4.531030521024466,2018-01-30,IE00B14X4S71
98438,4.524773248916063,4.5233992357633515,2018-01-31,IE00B14X4S71
98450,4.5224405383890955,4.5220298522876545,2018-02-01,IE00B14X4S71
98462,4.5305005176510615,4.53010283069658,2018-02-02,IE00B14X4S71
98474,4.538656381929751,4.538813479619724,2018-02-05,IE00B14X4S71
98486,4.544889255103161,4.546558599156473,2018-02-06,IE00B14X4S71
98498,4.547858819274978,4.547606748960853,2018-02-07,IE00B14X4S71
98510,4.543401159590459,4.539385021446771,2018-02-08,IE00B14X4S71
98522,4.553561052254861,4.554344150838991,2018-02-09,IE00B14X4S71
98534,4.553245113123172,4.553555787420533,2018-02-12,IE00B14X4S71
98546,4.546746265850374,4.548220926744383,2018-02-13,IE00B14X4S71
98558,4.540738325828703,4.540802316955288,2018-02-14,IE00B14X4S71
98570,4.533029508210409,4.534129504883835,2018-02-15,IE00B14X4S71
98582,4.5346940721837665,4.535573560850008,2018-02-16,IE00B14X4S71
98594,4.53822878023421,,2018-02-19,IE00B14X4S71
98606,4.538175317163813,,2018-02-20,IE00B14X4S71
98618,4.542549824006424,4.5393390965105365,2018-02-21,IE00B14X4S71
98630,4.542709504645486,4.542619022080616,2018-02-22,IE00B14X4S71
98642,4.540471652049154,4.540712728231462,2018-02-23,IE00B14X4S71
98654,4.542656280598849,4.543529861019808,2018-02-26,IE00B14X4S71
98667,4.546109964858546,4.546856516862357,2018-02-27,IE00B14X4S71
98680,4.552402120449436,4.554429370534892,2018-02-28,IE00B14X4S71
98694,4.558340598631293,4.559688393118139,2018-03-01,IE00B14X4S71
98709,4.555559685434757,4.555654258516176,2018-03-02,IE00B14X4S71
98724,4.548758552062129,4.5501636904044425,2018-03-05,IE00B14X4S71
98739,4.54775291511814,4.547393816547022,2018-03-06,IE00B14X4S71
98754,4.546905277856116,4.546496035764626,2018-03-07,IE00B14X4S71
98769,4.551611168893528,4.55141069514173,2018-03-08,IE00B14X4S71
98784,4.548282323781043,4.5485268159608925,2018-03-09,IE00B14X4S71
98802,4.547329186298241,4.546445133846249,2018-03-12,IE00B14X4S71
98820,4.541378052900312,4.5402422557072875,2018-03-13,IE00B14X4S71
98839,4.543294782270004,4.543401159590459,2018-03-14,IE00B14X4S71
98858,4.537051931911801,4.536543318941914,2018-03-15,IE00B14X4S71
98877,4.537961436294641,4.538432982853096,2018-03-16,IE00B14X4S71
98896,4.530608264661186,4.530472501526703,2018-03-19,IE00B14X4S71
98915,4.532707014254376,4.531074675295186,2018-03-20,IE00B14X4S71
98934,4.527370793533679,4.52773175091761,2018-03-21,IE00B14X4S71
98953,4.525531563327875,4.526296877633902,2018-03-22,IE00B14X4S71
98972,4.522766359733276,4.522830425440825,2018-03-23,IE00B14X4S71
98991,4.5165575276314875,4.517146296580721,2018-03-26,IE00B14X4S71
99015,4.522874943261261,4.523752950750883,2018-03-27,IE00B14X4S71
99039,4.52655978540618,4.526518676815669,2018-03-28,IE00B14X4S71
99063,4.531792716183316,4.5320477280556615,2018-03-29,IE00B14X4S71
99087,4.528289141652134,4.527705818204355,2018-04-04,IE00B14X4S71
99111,4.534586764532628,4.533767627822516,2018-04-05,IE00B14X4S71
99135,4.52796511507912,4.52827942238244,2018-04-06,IE00B14X4S71
99159,4.524285457247627,4.525142728198275,2018-04-09,IE00B14X4S71
99183,4.522874943261261,4.52135587475125,2018-04-10,IE00B14X4S71
99207,4.519448885582613,4.519118711780703,2018-04-11,IE00B14X4S71
99231,4.517158308664878,4.516753094171441,2018-04-12,IE00B14X4S71
99255,4.514971918069943,4.515548496002982,2018-04-13,IE00B14X4S71
99285,4.5103099049641315,4.509627979267603,2018-04-16,IE00B14X4S71
99315,4.511902918017649,4.511162757235,2018-04-17,IE00B14X4S71
99345,4.516229676691444,4.515579120825934,2018-04-18,IE00B14X4S71
99375,4.517649588458596,4.5163160211984295,2018-04-19,IE00B14X4S71
99405,4.530284988796302,4.530227865862884,2018-04-20,IE00B14X4S71
99435,4.535552119107222,4.535257248513065,2018-04-23,IE00B14X4S71
99465,4.533996366533566,4.534390361708733,2018-04-24,IE00B14X4S71
99495,4.535391291380175,4.536368724752458,2018-04-25,IE00B14X4S71
99525,4.537426533901572,4.536807829970193,2018-04-26,IE00B14X4S71
99555,4.547435135336853,4.546830015325001,2018-04-27,IE00B14X4S71
99585,4.54944603721573,4.548461200551831,2018-04-30,IE00B14X4S71
99615,4.560486578361451,4.561082448061337,2018-05-01,IE00B14X4S71
99645,4.560643420604617,4.561083493134834,2018-05-02,IE00B14X4S71
99675,4.565389315976247,4.565779458383172,2018-05-03,IE00B14X4S71
99705,4.5675202385361855,4.567451703920467,2018-05-04,IE00B14X4S71
99735,4.562732303290123,4.562385850669272,2018-05-09,IE00B14X4S71
99765,4.569387555848319,4.570517662748665,2018-05-10,IE00B14X4S71
99795,4.565545391204823,4.56440027344488,2018-05-11,IE00B14X4S71
99825,4.561636183964363,4.561246511227069,2018-05-14,IE00B14X4S71
99855,4.567260612914871,4.567794330038781,2018-05-15,IE00B14X4S71
99886,4.568661791171569,4.56879972699844,2018-05-16,IE00B14X4S71
99917,4.566793116867087,4.56768428717386,2018-05-17,IE00B14X4S71
99948,4.570992734186505,4.570417237494218,2018-05-18,IE00B14X4S71
99979,4.574504771677206,4.575262372849329,2018-05-21,IE00B14X4S71
100010,4.573266636975083,4.574365558027856,2018-05-22,IE00B14X4S71
100041,4.57974980864118,4.581264713521633,2018-05-23,IE00B14X4S71
100072,4.5800574851730165,4.579402020197691,2018-05-24,IE00B14X4S71
100103,4.584967478670572,4.5846990753066725,2018-05-25,IE00B14X4S71
100134,4.588786706737567,4.588958483596801,2018-05-30,IE00B14X4S71
100165,4.587617026740502,4.586694557838956,2018-05-31,IE00B14X4S71
100196,4.5826177815175795,4.583926120318597,2018-06-01,IE00B14X4S71
100227,4.5851205281823875,4.58302579891153,2018-06-04,IE00B14X4S71
100258,4.581645640941134,4.582712898196668,2018-06-05,IE00B14X4S71
100291,4.576564928977757,4.575776390132244,2018-06-06,IE00B14X4S71
100324,4.575844356606263,4.576979537397366,2018-06-07,IE00B14X4S71
100357,4.578569504190912,4.578382580431639,2018-06-08,IE00B14X4S71
100390,4.579698520014422,4.578594150870492,2018-06-11,IE00B14X4S71
100423,4.578158636741241,4.581377368460698,2018-06-12,IE00B14X4S71
100456,4.58010875539272,4.579753911617685,2018-06-13,IE00B14X4S71
100489,4.581492058633514,4.582708807342897,2018-06-14,IE00B14X4S71
100522,4.585936396872792,4.586518316316303,2018-06-15,IE00B14X4S71
100555,4.588786706737567,4.590024060340674,2018-06-18,IE00B14X4S71
100588,4.5954733230092275,4.595723708179657,2018-06-19,IE00B14X4S71
100621,4.5935529666479,4.5950036817711455,2018-06-20,IE00B14X4S71
100654,4.5900057854683185,4.589449257215224,2018-06-21,IE00B14X4S71
100687,4.588735879524666,4.588382050542382,2018-06-22,IE00B14X4S71
100720,4.5890916157754,4.589231842719729,2018-06-25,IE00B14X4S71
100753,4.590766955677347,4.591673514295107,2018-06-26,IE00B14X4S71
100786,4.598799938980248,4.598931767456497,2018-06-27,IE00B14X4S71
100819,4.602917650934797,4.602916648679221,2018-06-28,IE00B14X4S71
100852,4.59511985013459,4.594554033524902,2018-06-29,IE00B14X4S71
100885,4.600408868886381,4.600017935913342,2018-07-02,IE00B14X4S71
100918,4.596331237320887,4.596713529048423,2018-07-03,IE00B14X4S71
100951,4.593502381120409,,2018-07-04,IE00B14X4S71
100986,4.593451793033893,,2018-07-05,IE00B14X4S71
101021,4.58919323146495,4.589371034079117,2018-07-06,IE00B14X4S71
101056,4.5913247791660385,4.590121520686574,2018-07-09,IE00B14X4S71
101091,4.5890916157754,4.589335476085296,2018-07-10,IE00B14X4S71
101126,4.59203428659495,4.590971865188199,2018-07-11,IE00B14X4S71
101161,4.592945771365368,4.592611656740695,2018-07-12,IE00B14X4S71
101196,4.593755283172793,4.594808690618377,2018-07-13,IE00B14X4S71
101231,4.5921862584297966,4.592246027690079,2018-07-16,IE00B14X4S71
101266,4.596583425050769,4.597486743800204,2018-07-17,IE00B14X4S71
101301,4.605969866158656,4.605993846686468,2018-07-18,IE00B14X4S71
101336,4.611351045063173,4.610122901022049,2018-07-19,IE00B14X4S71
101371,4.602215826161655,4.602554768764269,2018-07-20,IE00B14X4S71
101406,4.6020152142947905,4.600922175956226,2018-07-23,IE00B14X4S71
101441,4.598950886174174,4.598059968192946,2018-07-24,IE00B14X4S71
101476,4.598799938980248,4.59820397820743,2018-07-25,IE00B14X4S71
101511,4.598246270915268,4.597791026838167,2018-07-26,IE00B14X4S71
101546,4.6006600305102054,4.599882229356949,2018-07-27,IE00B14X4S71
101581,4.598497976220027,4.598375151946172,2018-07-30,IE00B14X4S71
101616,4.601111962527237,4.6007223088320455,2018-07-31,IE00B14X4S71
101651,4.6005595734304086,4.600158649189168,2018-08-01,IE00B14X4S71
101686,4.607766811835357,4.60758925767339,2018-08-02,IE00B14X4S71
101721,4.609162207257629,4.609116389474942,2018-08-03,IE00B14X4S71
101756,4.6149224774307696,4.61520467171598,2018-08-06,IE00B14X4S71
101791,4.613981254266641,4.613708629508147,2018-08-07,IE00B14X4S71
101826,4.619122399606096,4.619264394356472,2018-08-08,IE00B14X4S71
101861,4.6207482159514095,4.620954948543539,2018-08-09,IE00B14X4S71
101896,4.628886712605407,4.629368042060298,2018-08-10,IE00B14X4S71
101931,4.629862798578463,4.629075171408432,2018-08-13,IE00B14X4S71
101966,4.631812116934513,4.630705370344425,2018-08-14,IE00B14X4S71
102001,4.636184239517261,4.637810642817828,2018-08-15,IE00B14X4S71
102036,4.6330771392411,4.633309534679999,2018-08-16,IE00B14X4S71
102071,4.6330771392411,4.632244350674553,2018-08-17,IE00B14X4S71
102106,4.631179005169142,4.631314427382197,2018-08-20,IE00B14X4S71
102141,4.623501142672815,4.622861763055492,2018-08-21,IE00B14X4S71
102176,4.619812462724961,4.619804578978684,2018-08-22,IE00B14X4S71
102211,4.625903752374998,4.625605946146687,2018-08-23,IE00B14X4S71
102246,4.624041006738342,4.623677857543831,2018-08-24,IE00B14X4S71
102281,4.611847840741332,4.612405944632655,2018-08-29,IE00B14X4S71
102316,4.61323755706585,4.612068338929075,2018-08-30,IE00B14X4S71
102351,4.614625344758847,4.613207797670559,2018-08-31,IE00B14X4S71
102386,4.622027303054514,,2018-09-03,IE00B14X4S71
102421,4.626442321263631,,2018-09-04,IE00B14X4S71
102456,4.62173227428707,4.616072538772062,2018-09-05,IE00B14X4S71
102491,4.618185123065586,4.617140257968466,2018-09-06,IE00B14X4S71
102526,4.616209033103308,4.615877655881717,2018-09-07,IE00B14X4S71
102561,4.610058220060867,4.610404463226521,2018-09-10,IE00B14X4S71
102596,4.612046489927524,4.611352038900882,2018-09-11,IE00B14X4S71
102631,4.609062600703435,4.6096879654369145,2018-09-12,IE00B14X4S71
102666,4.594513605799563,4.594919830131923,2018-09-13,IE00B14X4S71
102701,4.59567525142629,4.596066876311183,2018-09-14,IE00B14X4S71
102736,4.591527546946932,4.590122535848525,2018-09-17,IE00B14X4S71
102771,4.59066549978521,4.589843327478582,2018-09-18,IE00B14X4S71
102806,4.589904252317658,4.5895772455136115,2018-09-19,IE00B14X4S71
102841,4.583486791156933,4.58217173749096,2018-09-20,IE00B14X4S71
102876,4.59567525142629,4.594132494172207,2018-09-21,IE00B14X4S71
102911,4.591172676344238,4.590929263697749,2018-09-24,IE00B14X4S71
102946,4.5897011550841595,4.588973728637971,2018-09-25,IE00B14X4S71
102981,4.588481704701856,4.587824617648766,2018-09-26,IE00B14X4S71
103016,4.5939575587739885,4.592972090804402,2018-09-27,IE00B14X4S71
103052,4.599252712224054,4.599067603049353,2018-09-28,IE00B14X4S71
103088,4.599001196842562,4.598873402794069,2018-10-01,IE00B14X4S71
103124,4.604469940873698,4.603865335040254,2018-10-02,IE00B14X4S71
103160,4.602065371034612,4.601162164590552,2018-10-03,IE00B14X4S71
103196,4.5995041643614645,4.599075651986894,2018-10-04,IE00B14X4S71
103232,4.594463068844403,4.595342047669112,2018-10-05,IE00B14X4S71
103268,4.597490774644222,4.5960295372538695,2018-10-08,IE00B14X4S71
103304,4.593249415092398,4.5944165725898705,2018-10-09,IE00B14X4S71
103340,4.586598800402656,4.5863980875146355,2018-10-10,IE00B14X4S71
103376,4.591172676344238,4.586422542001271,2018-10-11,IE00B14X4S71
103412,4.589955020181611,4.590703039664995,2018-10-12,IE00B14X4S71
103448,4.59066549978521,4.591601546945953,2018-10-15,IE00B14X4S71
103484,4.586751600464074,4.586331853610087,2018-10-16,IE00B14X4S71
103520,4.592439493509273,4.591882291661156,2018-10-17,IE00B14X4S71
103556,4.596684282337793,4.596800255643894,2018-10-18,IE00B14X4S71
103592,4.599655005299981,4.598697281872008,2018-10-19,IE00B14X4S71
103628,4.603819273917135,4.604264776228351,2018-10-22,IE00B14X4S71
103664,4.604319824533253,4.604873141874856,2018-10-23,IE00B14X4S71
103700,4.611549792952131,4.610269164075914,2018-10-24,IE00B14X4S71
103736,4.617098756853365,4.617976829732539,2018-10-25,IE00B14X4S71
103772,4.617790217344194,4.618540404926263,2018-10-26,IE00B14X4S71
103808,4.6197631882909915,4.619506922088144,2018-10-29,IE00B14X4S71
103844,4.625462889255854,4.6250198710005685,2018-10-30,IE00B14X4S71
103880,4.622518824322705,4.620833867496365,2018-10-31,IE00B14X4S71
103916,4.606269581431392,4.60625160104799,2018-11-01,IE00B14X4S71
103952,4.605969866158656,4.606003838403335,2018-11-02,IE00B14X4S71
103988,4.6020152142947905,4.601717231396001,2018-11-05,IE00B14X4S71
104024,4.597037202757902,4.596750842575337,2018-11-06,IE00B14X4S71
104060,4.591426168195833,4.592388851623358,2018-11-07,IE00B14X4S71
104096,4.594463068844403,4.5928253004759,2018-11-08,IE00B14X4S71
104132,4.603769205072463,4.601106942182289,2018-11-09,IE00B14X4S71
104168,4.615269020665506,,2018-11-12,IE00B14X4S71
104204,4.602165676967792,,2018-11-13,IE00B14X4S71
104240,4.603017871419949,4.604535984925104,2018-11-14,IE00B14X4S71
104276,4.6238937999861935,4.621570955089145,2018-11-15,IE00B14X4S71
104312,4.618579872898009,4.618575926170931,2018-11-16,IE00B14X4S71
104348,4.610555658264429,4.61735267718204,2018-11-19,IE00B14X4S71
104384,4.6207482159514095,4.6201464793668245,2018-11-20,IE00B14X4S71
104420,4.623010104116422,4.623508997330234,2018-11-21,IE00B14X4S71
104456,4.6164562580050585,,2018-11-22,IE00B14X4S71
104492,4.621928969803046,,2018-11-23,IE00B14X4S71
104528,4.620551288026394,4.619871588840984,2018-11-26,IE00B14X4S71
104564,4.625854777180924,4.626794682084754,2018-11-27,IE00B14X4S71
104600,4.625462889255854,4.626280781050781,2018-11-28,IE00B14X4S71
104636,4.6240900708406025,4.624364785335482,2018-11-29,IE00B14X4S71
104672,4.625658852415407,4.625887101078131,2018-11-30,IE00B14X4S71
104708,4.627029520340985,4.627483384651175,2018-12-03,IE00B14X4S71
104744,4.6280074198908485,4.6285292268399845,2018-12-04,IE00B14X4S71
104780,4.627127353340134,,2018-12-05,IE00B14X4S71
104816,4.627763034640726,,2018-12-06,IE00B14X4S71
104852,4.628496011291588,4.628277151861,2018-12-07,IE00B14X4S71
104888,4.64285125295578,4.646029939795455,2018-12-10,IE00B14X4S71
104924,4.646599995751231,4.645846569907637,2018-12-11,IE00B14X4S71
104960,4.635602393108293,4.635088147025364,2018-12-12,IE00B14X4S71
104996,4.637637376125593,4.63885348051408,2018-12-13,IE00B14X4S71
105032,4.6440062097732895,4.644228385936817,2018-12-14,IE00B14X4S71
105068,4.641212777335021,4.640845197487185,2018-12-17,IE00B14X4S71
105104,4.638798366968075,4.640157914227043,2018-12-18,IE00B14X4S71
105140,4.638701669196884,4.6394402031053765,2018-12-19,IE00B14X4S71
105176,4.639185064575369,4.639864323484632,2018-12-20,IE00B14X4S71
105212,4.637346917683312,4.637414698866314,2018-12-21,IE00B14X4S71
105248,4.639378357317828,4.634992060419229,2018-12-24,IE00B14X4S71
105284,4.638411519767893,4.638848646114036,2018-12-28,IE00B14X4S71
105320,4.631373851484728,4.635583962440826,2018-12-31,IE00B14X4S71
105356,4.646791860678911,4.64845187298306,2019-01-03,IE00B14X4S71
105392,4.637056374850413,4.637196814426517,2019-01-04,IE00B14X4S71
105428,4.6340491455384685,4.632781461962911,2019-01-07,IE00B14X4S71
105464,4.635214307336468,4.634614418559986,2019-01-08,IE00B14X4S71
105500,4.633271616098966,4.6342919995601095,2019-01-09,IE00B14X4S71
105536,4.632833989970565,4.631667023643654,2019-01-10,IE00B14X4S71
105572,4.628593700931679,4.628751937898705,2019-01-11,IE00B14X4S71
105608,4.623795650111256,4.621973220962802,2019-01-14,IE00B14X4S71
105644,4.6338548198480005,4.630240288295863,2019-01-15,IE00B14X4S71
105680,4.625658852415407,4.625815595298621,2019-01-16,IE00B14X4S71
105716,4.620551288026394,4.621888650374829,2019-01-17,IE00B14X4S71
105752,4.622813621160686,4.621443061622261,2019-01-18,IE00B14X4S71
105788,4.622125626637505,,2019-01-21,IE00B14X4S71
105824,4.618333172514372,,2019-01-22,IE00B14X4S71
105860,4.609859175474223,4.610031351354798,2019-01-23,IE00B14X4S71
105896,4.612344389736092,4.6121676465563795,2019-01-24,IE00B14X4S71
105932,4.602065371034612,4.601992141349673,2019-01-25,IE00B14X4S71
105968,4.602767301371781,4.6032072607101995,2019-01-28,IE00B14X4S71
106004,4.604269780744927,4.604383876928133,2019-01-29,IE00B14X4S71
106040,4.610257225036649,4.61099319929088,2019-01-30,IE00B14X4S71
106076,4.606868742623673,4.605869941102364,2019-01-31,IE00B14X4S71
106112,4.6095107520865115,4.609663077816961,2019-02-01,IE00B14X4S71
106148,4.612046489927524,4.610113945446183,2019-02-04,IE00B14X4S71
106184,4.621830626881199,4.621357462242067,2019-02-05,IE00B14X4S71
106220,4.621437158451963,4.619518751204726,2019-02-06,IE00B14X4S71
106256,4.619960271460727,4.619889325994112,2019-02-07,IE00B14X4S71
106292,4.624286303180321,4.622440197153045,2019-02-08,IE00B14X4S71
106328,4.628398312107299,4.628191158263561,2019-02-11,IE00B14X4S71
106364,4.6260506635674465,4.626526507636648,2019-02-12,IE00B14X4S71
106400,4.627029520340985,4.626116276927525,2019-02-13,IE00B14X4S71
106436,4.635165786023472,4.634891111009358,2019-02-14,IE00B14X4S71
106472,4.629862798578463,4.629476382465958,2019-02-15,IE00B14X4S71
106508,4.623304756183574,,2019-02-18,IE00B14X4S71
106544,4.615714399863762,,2019-02-19,IE00B14X4S71
106580,4.612840692292311,4.613275251028571,2019-02-20,IE00B14X4S71
106616,4.614328123772857,4.612711677321434,2019-02-21,IE00B14X4S71
106652,4.614229030476437,4.6142736236749915,2019-02-22,IE00B14X4S71
106688,4.613435930405124,4.613253428381225,2019-02-25,IE00B14X4S71
106724,4.5995041643614645,4.600693179132055,2019-02-26,IE00B14X4S71
106760,4.595321849933277,4.593010556430814,2019-02-27,IE00B14X4S71
106796,4.596078985976311,4.595662127318161,2019-02-28,IE00B14X4S71
106832,4.601061757943548,4.599231587365577,2019-03-01,IE00B14X4S71
106869,4.604519974646505,4.604957163300369,2019-03-04,IE00B14X4S71
106906,4.607218087605392,4.609413171779335,2019-03-05,IE00B14X4S71
106943,4.60816569496789,4.607017478691795,2019-03-06,IE00B14X4S71
106980,4.612344389736092,4.610733681009045,2019-03-07,IE00B14X4S71
107017,4.616999937741668,4.618681495755938,2019-03-08,IE00B14X4S71
107054,4.611847840741332,4.612296731729935,2019-03-11,IE00B14X4S71
107091,4.613782989086314,4.612968698389149,2019-03-12,IE00B14X4S71
107128,4.604069580544058,4.603060963140683,2019-03-13,IE00B14X4S71
107165,4.58797316115957,4.587258729300939,2019-03-14,IE00B14X4S71
107202,4.58700621536042,4.5882132259375235,2019-03-15,IE00B14X4S71
107239,4.591882291661156,4.5922835082850115,2019-03-18,IE00B14X4S71
107276,4.588634217347992,4.5888893698283955,2019-03-19,IE00B14X4S71
107313,4.593704707878813,4.595835755429392,2019-03-20,IE00B14X4S71
107350,4.609162207257629,4.604770105966751,2019-03-21,IE00B14X4S71
107387,4.596331237320887,4.595080455419234,2019-03-22,IE00B14X4S71
107424,4.599856091164322,4.59776584135971,2019-03-25,IE00B14X4S71
107461,4.596684282337793,4.596854708034367,2019-03-26,IE00B14X4S71
107498,4.597138014290827,4.599340224741166,2019-03-27,IE00B14X4S71
107535,4.608115843276661,4.6070673851670705,2019-03-28,IE00B14X4S71
107572,4.611549792952131,4.610628263545849,2019-03-29,IE00B14X4S71
107609,4.603168183317418,4.60093422696816,2019-04-01,IE00B14X4S71
107646,4.610456190417329,4.610079117444267,2019-04-02,IE00B14X4S71
107683,4.6012123641337475,4.600057136601269,2019-04-03,IE00B14X4S71
107720,4.607118287206108,4.606207647638597,2019-04-04,IE00B14X4S71
107757,4.611251656303959,4.611479241973803,2019-04-05,IE00B14X4S71
107794,4.609261803891345,4.608354111912215,2019-04-08,IE00B14X4S71
107831,4.608863357825709,4.608859372563209,2019-04-09,IE00B14X4S71
107868,4.606469341719712,4.60608476763077,2019-04-10,IE00B14X4S71
107905,4.607068383271171,4.605944885830663,2019-04-11,IE00B14X4S71
107942,4.6036189834953545,4.604071582744477,2019-04-12,IE00B14X4S71
107979,4.603869340255043,4.603111067457882,2019-04-15,IE00B14X4S71
108016,4.607866547535834,4.607410674218823,2019-04-16,IE00B14X4S71
108053,4.608664075242347,4.60822750761378,2019-04-17,IE00B14X4S71
108090,4.612245099660053,4.611835920535191,2019-04-18,IE00B14X4S71
108127,4.6179876896987055,4.6171580436334185,2019-04-24,IE00B14X4S71
108164,4.621240366165586,4.62088407361217,2019-04-25,IE00B14X4S71
108201,4.62015731579634,4.619538466088083,2019-04-26,IE00B14X4S71
108238,4.6203543213131315,4.620262718575426,2019-04-29,IE00B14X4S71
108275,4.611847840741332,4.612086215029821,2019-04-30,IE00B14X4S71
108312,4.608962984226787,4.608070974629618,2019-05-01,IE00B14X4S71
108350,4.611251656303959,4.611043901894768,2019-05-02,IE00B14X4S71
108388,4.602917650934797,4.604906151133957,2019-05-03,IE00B14X4S71
108426,4.614080372117847,4.615085862775468,2019-05-08,IE00B14X4S71
108464,4.614674873002337,4.614064513921836,2019-05-09,IE00B14X4S71
108502,4.6135351023197195,4.613391299834664,2019-05-10,IE00B14X4S71
108540,4.6207482159514095,4.618047911007096,2019-05-13,IE00B14X4S71
108578,4.623599321456458,4.623318504493269,2019-05-14,IE00B14X4S71
108616,4.627616374817921,4.6280211036990915,2019-05-15,IE00B14X4S71
108654,4.6334660551429385,4.633262865452998,2019-05-16,IE00B14X4S71
108692,4.638024522859038,4.637848389678672,2019-05-17,IE00B14X4S71
108730,4.638169664251199,4.637486348264538,2019-05-20,IE00B14X4S71
108768,4.635117262356044,4.633208415268584,2019-05-21,IE00B14X4S71
108806,4.6443908991413725,4.643540537686534,2019-05-22,IE00B14X4S71
108844,4.6443908991413725,4.644737954295381,2019-05-23,IE00B14X4S71
108882,4.642947550322122,4.642185584606463,2019-05-24,IE00B14X4S71
108920,4.649665425874643,4.648481559431916,2019-05-29,IE00B14X4S71
108958,4.650334737942465,4.651955484614158,2019-05-30,IE00B14X4S71
108996,4.650717000944062,4.653134294781993,2019-05-31,IE00B14X4S71
109034,4.6520537718869415,4.653120950341002,2019-06-03,IE00B14X4S71
109072,4.648181781581338,4.6490301212897975,2019-06-04,IE00B14X4S71
109110,4.64736723468788,4.6451694421519445,2019-06-05,IE00B14X4S71
109148,4.646791860678911,4.646061618097502,2019-06-06,IE00B14X4S71
109186,4.645255909527377,4.643271041565646,2019-06-07,IE00B14X4S71
109224,4.648708488002574,4.647663423203969,2019-06-10,IE00B14X4S71
109262,4.64477544058045,4.645180971567326,2019-06-11,IE00B14X4S71
109300,4.645448032486661,4.645417295293503,2019-06-12,IE00B14X4S71
109338,4.649282760606412,4.649784022380776,2019-06-13,IE00B14X4S71
109376,4.656195944591135,4.655454471497352,2019-06-14,IE00B14X4S71
109414,4.6595163157282045,4.659369503796393,2019-06-17,IE00B14X4S71
109452,4.6602263917361695,4.66057367195363,2019-06-18,IE00B14X4S71
109490,4.653150498506658,4.655186265083328,2019-06-19,IE00B14X4S71
109528,4.651767471364874,4.650695024780554,2019-06-20,IE00B14X4S71
109566,4.650047944766177,4.650079496042022,2019-06-21,IE00B14X4S71
109604,4.648708488002574,4.648627106041081,2019-06-24,IE00B14X4S71
109642,4.649904517328262,4.649099029251757,2019-06-25,IE00B14X4S71
109680,4.651385609785055,4.651353144825723,2019-06-26,IE00B14X4S71
109718,4.652816839455444,4.652286569215022,2019-06-27,IE00B14X4S71
109756,4.650143551630823,4.648511244999514,2019-06-28,IE00B14X4S71
109794,4.654246023634684,4.6536593524813155,2019-07-01,IE00B14X4S71
109833,4.658900508409059,4.658777301425911,2019-07-02,IE00B14X4S71
109872,4.6612669253399615,4.661334049871592,2019-07-03,IE00B14X4S71
109911,4.6602263917361695,,2019-07-04,IE00B14X4S71
109950,4.664334919156063,,2019-07-05,IE00B14X4S71
109989,4.664004971708984,4.663267381257051,2019-07-08,IE00B14X4S71
110028,4.668051084027292,4.6667035712245255,2019-07-09,IE00B14X4S71
110067,4.665841865520824,4.665804219524942,2019-07-10,IE00B14X4S71
110106,4.6611723761033765,4.662067399051421,2019-07-11,IE00B14X4S71
110145,4.660652195447096,4.660517850299071,2019-07-12,IE00B14X4S71
110184,4.664570529269539,4.664495140072775,2019-07-15,IE00B14X4S71
110223,4.672641901103104,4.671567291387407,2019-07-16,IE00B14X4S71
110262,4.6712855881949515,4.671258443164199,2019-07-17,IE00B14X4S71
110301,4.66715858332216,4.668113998753913,2019-07-18,IE00B14X4S71
110340,4.666312320930329,4.665992435333743,2019-07-19,IE00B14X4S71
110379,4.6677223606450555,4.666731780473212,2019-07-22,IE00B14X4S71
110418,4.670630157459877,4.671049682616001,2019-07-23,IE00B14X4S71
110457,4.667111587528274,4.666174970827524,2019-07-24,IE00B14X4S71
110496,4.6672995574536404,4.666086529955364,2019-07-25,IE00B14X4S71
110535,4.674976060232054,4.6745898996982715,2019-07-26,IE00B14X4S71
110574,4.688039663810386,4.687852790680587,2019-07-29,IE00B14X4S71
110613,4.694004899688582,4.694172330085276,2019-07-30,IE00B14X4S71
110652,4.686750172980514,4.6859000421364145,2019-07-31,IE00B14X4S71
110691,4.696198484335655,4.697120181235652,2019-08-01,IE00B14X4S71
110730,4.699479865458833,4.699717347495252,2019-08-02,IE00B14X4S71
110769,4.699661849080809,4.700487638493243,2019-08-05,IE00B14X4S71
110808,4.699297848712789,4.6977138151451125,2019-08-06,IE00B14X4S71
110847,4.699934762432514,4.699771023359458,2019-08-07,IE00B14X4S71
110886,4.700389452569025,4.700792135369049,2019-08-08,IE00B14X4S71
110925,4.705286977322864,4.704982036234305,2019-08-09,IE00B14X4S71
110964,4.7063720664970585,4.705617149897568,2019-08-12,IE00B14X4S71
111003,4.7066431549187255,4.705020045834448,2019-08-13,IE00B14X4S71
111042,4.707817022948234,4.706751569713837,2019-08-14,IE00B14X4S71
111081,4.704653464473042,4.704787440650829,2019-08-15,IE00B14X4S71
111120,4.702024627351974,4.702704254753597,2019-08-16,IE00B14X4S71
111159,4.702569091975224,4.702342267740351,2019-08-19,IE00B14X4S71
111198,4.701298213082312,4.703110540212806,2019-08-20,IE00B14X4S71
111237,4.702387636703451,4.702335008515236,2019-08-21,IE00B14X4S71
111276,4.6930894840259745,4.691949536061558,2019-08-22,IE00B14X4S71
111315,4.691989877940651,4.691452463916252,2019-08-23,IE00B14X4S71
111354,4.69537645387424,4.696144616364214,2019-08-28,IE00B14X4S71
111393,4.698478363121743,4.697072748271193,2019-08-29,IE00B14X4S71
111432,4.699206827914474,4.699571771327269,2019-08-30,IE00B14X4S71
111471,4.7091697760065765,,2019-09-02,IE00B14X4S71
111510,4.709079649378603,,2019-09-03,IE00B14X4S71
111549,4.70002571700077,4.699852896247297,2019-09-04,IE00B14X4S71
111588,4.68610480348409,4.68714272265092,2019-09-05,IE00B14X4S71
111627,4.6886837862159085,4.688280798210849,2019-09-06,IE00B14X4S71
111666,4.684119988966493,4.685065805921679,2019-09-09,IE00B14X4S71
111705,4.683657839036832,4.682637580387247,2019-09-10,IE00B14X4S71
111744,4.684766640259234,4.683233397289251,2019-09-11,IE00B14X4S71
111783,4.672361435528415,4.67169361090015,2019-09-12,IE00B14X4S71
111822,4.6613614656378335,4.6600986152596455,2019-09-13,IE00B14X4S71
111861,4.664099253517379,4.6639606561881255,2019-09-16,IE00B14X4S71
111900,4.659847747278787,4.659323087798211,2019-09-17,IE00B14X4S71
111939,4.660699495780571,4.659259617538033,2019-09-18,IE00B14X4S71
111978,4.659705718636105,4.658883449886004,2019-09-19,IE00B14X4S71
112017,4.65918477429433,4.658492919669928,2019-09-20,IE00B14X4S71
112056,4.665041583025482,4.665196982083511,2019-09-23,IE00B14X4S71
112095,4.663061664403869,4.662533023376567,2019-09-24,IE00B14X4S71
112134,4.6709579265260945,4.668942788885158,2019-09-25,IE00B14X4S71
112173,4.671753490131244,4.673189517071664,2019-09-26,IE00B14X4S71
112212,4.674976060232054,4.675710659321297,2019-09-27,IE00B14X4S71
112251,4.677118685300675,4.674823106261575,2019-09-30,IE00B14X4S71
112290,4.681899718846765,4.684159723888365,2019-10-01,IE00B14X4S71
112329,4.679070993827626,4.678870360718031,2019-10-02,IE00B14X4S71
112368,4.67292228803891,4.672599836281207,2019-10-03,IE00B14X4S71
112407,4.680370418551027,4.681357779942901,2019-10-04,IE00B14X4S71
112446,4.678513580212301,4.678161320424969,2019-10-07,IE00B14X4S71
112485,4.688959711717774,4.687427362990431,2019-10-08,IE00B14X4S71
112524,4.687441178420886,4.686624819501976,2019-10-09,IE00B14X4S71
112563,4.677258262382345,4.680447402880116,2019-10-10,IE00B14X4S71
112602,4.64731929949625,4.646730467907123,2019-10-11,IE00B14X4S71
112641,4.65586330030361,,2019-10-14,IE00B14X4S71
112680,4.641309232603964,,2019-10-15,IE00B14X4S71
112719,4.635893358630932,4.638153215951832,2019-10-16,IE00B14X4S71
112758,4.6340491455384685,4.635311342900078,2019-10-17,IE00B14X4S71
112797,4.632785353021065,4.6311536723593525,2019-10-18,IE00B14X4S71
112836,4.624678652376135,4.62411067704572,2019-10-21,IE00B14X4S71
112875,4.626931677769604,4.6301876238657975,2019-10-22,IE00B14X4S71
112914,4.632201525039122,4.632343621230696,2019-10-23,IE00B14X4S71
112953,4.636426575638645,4.635010501998974,2019-10-24,IE00B14X4S71
112992,4.635408369048701,4.635380232434766,2019-10-25,IE00B14X4S71
113031,4.6330771392411,4.633303701145733,2019-10-28,IE00B14X4S71
113070,4.631568659842622,4.630110572757954,2019-10-29,IE00B14X4S71
113109,4.633174382397689,4.632638455072557,2019-10-30,IE00B14X4S71
113148,4.629472478511056,4.629357304984443,2019-10-31,IE00B14X4S71
113187,4.6290820060344045,4.628075837059675,2019-11-01,IE00B14X4S71
113226,4.630740462099621,4.6297554757464034,2019-11-04,IE00B14X4S71
113265,4.632979886627359,4.63303921184677,2019-11-05,IE00B14X4S71
113304,4.6334660551429385,4.633072276835035,2019-11-06,IE00B14X4S71
113343,4.636087288622813,4.636020387024858,2019-11-07,IE00B14X4S71
113382,4.639474989680082,4.638347675594088,2019-11-08,IE00B14X4S71
113421,4.632785353021065,4.632196658373591,2019-11-11,IE00B14X4S71
113460,4.63463189613771,4.635239537488831,2019-11-12,IE00B14X4S71
113499,4.635214307336468,4.635747886452229,2019-11-13,IE00B14X4S71
113538,4.6330771392411,4.635206544084597,2019-11-14,IE00B14X4S71
113577,4.631909483177713,4.631318324152845,2019-11-15,IE00B14X4S71
113616,4.626540211724284,4.626894495082251,2019-11-18,IE00B14X4S71
113655,4.629570072811626,4.629653996292978,2019-11-19,IE00B14X4S71
113694,4.631130287657623,4.631475156567018,2019-11-20,IE00B14X4S71
113733,4.631909483177713,4.630147636057197,2019-11-21,IE00B14X4S71
113772,4.637927750226264,4.6370001934969896,2019-11-22,IE00B14X4S71
113811,4.631714741210204,4.631355342716685,2019-11-25,IE00B14X4S71
113851,4.636765747577842,4.636920759300914,2019-11-26,IE00B14X4S71
113891,4.632882624554627,4.633386339707558,2019-11-27,IE00B14X4S71
113931,4.631422557132157,,2019-11-28,IE00B14X4S71
113971,4.629667657588479,,2019-11-29,IE00B14X4S71
114011,4.629277261331325,4.630098868272795,2019-12-02,IE00B14X4S71
114051,4.6260506635674465,4.626165239316586,2019-12-03,IE00B14X4S71
114091,4.617246967213541,4.61639099656871,2019-12-04,IE00B14X4S71
114131,4.613435930405124,4.613054026684857,2019-12-05,IE00B14X4S71
114171,4.615714399863762,4.616080451995652,2019-12-06,IE00B14X4S71
114211,4.612443669954589,4.612382117380233,2019-12-09,IE00B14X4S71
114251,4.610655116218661,4.610921614767424,2019-12-10,IE00B14X4S71
114291,4.610655116218661,4.611010100444483,2019-12-11,IE00B14X4S71
114331,4.613882126590113,4.614433151947257,2019-12-12,IE00B14X4S71
114371,4.5995041643614645,4.598765721115097,2019-12-13,IE00B14X4S71
114411,4.5995041643614645,4.598825098428251,2019-12-16,IE00B14X4S71
114451,4.614427207250769,4.614151730887969,2019-12-17,IE00B14X4S71
114491,4.618777189394308,4.619037587568258,2019-12-18,IE00B14X4S71
114531,4.623697490601975,4.622686869170437,2019-12-19,IE00B14X4S71
114571,4.621584727256186,4.62103861387243,2019-12-20,IE00B14X4S71
114611,4.631130287657623,4.630263693818983,2019-12-23,IE00B14X4S71
114651,4.628496011291588,4.627837334075302,2019-12-24,IE00B14X4S71
114691,4.616505695651837,4.6176213475517836,2019-12-30,IE00B14X4S71
114731,4.611847840741332,4.607588260089041,2019-12-31,IE00B14X4S71
114771,4.620206570814204,4.621986004266628,2020-01-03,IE00B14X4S71
114811,4.614427207250769,4.614777883891868,2020-01-06,IE00B14X4S71
114851,4.618185123065586,4.617848475743911,2020-01-07,IE00B14X4S71
114891,4.62015731579634,4.618890628752462,2020-01-08,IE00B14X4S71
114931,4.621437158451963,4.623091633209339,2020-01-09,IE00B14X4S71
114971,4.623108331119105,4.622273093887753,2020-01-10,IE00B14X4S71
115011,4.628105157270587,4.62840026618453,2020-01-13,IE00B14X4S71
115051,4.626833825624118,4.626194615599353,2020-01-14,IE00B14X4S71
115091,4.624972813284271,4.625400172933518,2020-01-15,IE00B14X4S71
115131,4.622322244805657,4.6222445852484055,2020-01-16,IE00B14X4S71
115171,4.625462889255854,4.624929675098931,2020-01-17,IE00B14X4S71
115211,4.627518589651853,,2020-01-20,IE00B14X4S71
115251,4.624286303180321,,2020-01-21,IE00B14X4S71
115291,4.617790217344194,4.617497886676625,2020-01-22,IE00B14X4S71
115331,4.620945105103454,4.619356088584878,2020-01-23,IE00B14X4S71
115371,4.623746571561027,4.624000772378095,2020-01-24,IE00B14X4S71
115411,4.625658852415407,4.625796003781748,2020-01-27,IE00B14X4S71
115451,4.630740462099621,4.6309987385201765,2020-01-28,IE00B14X4S71
115491,4.629862798578463,4.630152512704833,2020-01-29,IE00B14X4S71
115531,4.623402954249151,4.623236993895619,2020-01-30,IE00B14X4S71
115571,4.617296365785932,4.618105167248536,2020-01-31,IE00B14X4S71
115611,4.6310815677725925,4.630574740209817,2020-02-03,IE00B14X4S71
115651,4.628593700931679,4.628587839822386,2020-02-04,IE00B14X4S71
115691,4.630837932736669,4.631315401576282,2020-02-05,IE00B14X4S71
115731,4.635068736333954,4.63541807114581,2020-02-06,IE00B14X4S71
115771,4.637976137713268,4.635701330885242,2020-02-07,IE00B14X4S71
115811,4.637927750226264,4.637271384667118,2020-02-10,IE00B14X4S71
115851,4.635214307336468,4.63501632558508,2020-02-11,IE00B14X4S71
115891,4.632298853376344,4.632190818343689,2020-02-12,IE00B14X4S71
115931,4.626638092603332,4.626391414436819,2020-02-13,IE00B14X4S71
115971,4.628886712605407,4.629751572880919,2020-02-14,IE00B14X4S71
116011,4.629862798578463,,2020-02-17,IE00B14X4S71
116051,4.629862798578463,,2020-02-18,IE00B14X4S71
116091,4.635214307336468,4.634742580370272,2020-02-19,IE00B14X4S71
116131,4.641550330080842,4.641021768450598,2020-02-20,IE00B14X4S71
116171,4.635311342900078,4.635689691654828,2020-02-21,IE00B14X4S71
116211,4.639958011473755,4.639902958770437,2020-02-24,IE00B14X4S71
116251,4.63443768366866,4.63406177540139,2020-02-25,IE00B14X4S71
116291,4.640923355693909,4.642481384871179,2020-02-26,IE00B14X4S71
116331,4.64736723468788,4.646675786796315,2020-02-27,IE00B14X4S71
116371,4.657003334628109,4.658383885217303,2020-02-28,IE00B14X4S71
116411,4.660321030452939,4.6614446537072,2020-03-02,IE00B14X4S71
116451,4.65918477429433,4.657437156199451,2020-03-03,IE00B14X4S71
116491,4.659658371272161,4.659428231155593,2020-03-04,IE00B14X4S71
116531,4.6524353784552055,4.6525259886193435,2020-03-05,IE00B14X4S71
116571,4.647271362006727,4.6455498426913975,2020-03-06,IE00B14X4S71
116611,4.641694960670463,4.642880143139379,2020-03-09,IE00B14X4S71
116651,4.652912181973512,4.652553646928593,2020-03-10,IE00B14X4S71
116691,4.657193214055243,4.656121822017071,2020-03-11,IE00B14X4S71
116731,4.68213122712422,4.673473486442245,2020-03-12,IE00B14X4S71
116771,4.685828089005546,4.68456345205084,2020-03-13,IE00B14X4S71
116811,4.697794945093913,4.697119269084476,2020-03-16,IE00B14X4S71
116851,4.71348632947155,4.717341952322347,2020-03-17,IE00B14X4S71
116891,4.7355403371499465,4.736643086370483,2020-03-18,IE00B14X4S71
116931,4.747624153783025,4.748195493442646,2020-03-19,IE00B14X4S71
116971,4.743278588105721,4.742325255159132,2020-03-20,IE00B14X4S71
117011,4.770769366637658,4.76562268188185,2020-03-23,IE00B14X4S71
117051,4.7461487792476635,4.739326883069026,2020-03-24,IE00B14X4S71
117091,4.738476553296317,4.742236324032744,2020-03-25,IE00B14X4S71
117131,4.711869804647147,4.712211288668115,2020-03-26,IE00B14X4S71
117171,4.68978703170797,4.694750344165768,2020-03-27,IE00B14X4S71
117211,4.690430029938915,4.6904851248398955,2020-03-30,IE00B14X4S71
117251,4.686934487790731,4.69157721372883,2020-03-31,IE00B14X4S71
117291,4.691164379154952,4.689341283199247,2020-04-01,IE00B14X4S71
117331,4.69194403477013,4.693033616543628,2020-04-02,IE00B14X4S71
117371,4.704291276855899,4.702993568687078,2020-04-03,IE00B14X4S71
117411,4.700298531079668,4.702131728814374,2020-04-06,IE00B14X4S71
117451,4.69537645387424,4.697845078288707,2020-04-07,IE00B14X4S71
117491,4.6898329738668005,4.692201646109387,2020-04-08,IE00B14X4S71
117531,4.687256956986201,4.686012573832192,2020-04-09,IE00B14X4S71
117571,4.682594082952895,4.684116292614423,2020-04-15,IE00B14X4S71
117611,4.689465377483486,4.688288160178556,2020-04-16,IE00B14X4S71
117651,4.684304789151819,4.683390618942511,2020-04-17,IE00B14X4S71
117691,4.687579322228809,4.6857487500649375,2020-04-20,IE00B14X4S71
117731,4.7014798661255,4.702022811974089,2020-04-21,IE00B14X4S71
117771,4.697749367281185,4.697562476527403,2020-04-22,IE00B14X4S71
117811,4.692402371930963,4.69270842416199,2020-04-23,IE00B14X4S71
117851,4.697384669975903,4.696831900046376,2020-04-24,IE00B14X4S71
117891,4.689741087438361,4.690503489132366,2020-04-27,IE00B14X4S71
117931,4.688361776874856,4.688703103479426,2020-04-28,IE00B14X4S71
117971,4.68914361976427,4.688894416225762,2020-04-29,IE00B14X4S71
118011,4.676373944994423,4.675018957754542,2020-04-30,IE00B14X4S71
118051,4.681204872264089,4.680195094769762,2020-05-01,IE00B14X4S71
118091,4.690430029938915,4.690398808147571,2020-05-04,IE00B14X4S71
118131,4.687763484291945,4.687628128478597,2020-05-05,IE00B14X4S71
118171,4.695741884172478,4.69524943557384,2020-05-06,IE00B14X4S71
118211,4.700116663297045,4.70254278300173,2020-05-07,IE00B14X4S71
118251,4.699388861227073,4.6979745014625625,2020-05-12,IE00B14X4S71
118291,4.707139959571808,4.706790415488438,2020-05-13,IE00B14X4S71
118331,4.709575245342881,4.709233760981844,2020-05-14,IE00B14X4S71
118371,4.71568240878552,4.715251640457436,2020-05-15,IE00B14X4S71
118411,4.707817022948234,4.70889396291957,2020-05-18,IE00B14X4S71
118451,4.705196500055216,4.704369158264288,2020-05-19,IE00B14X4S71
118491,4.702795864772531,4.703070644485724,2020-05-20,IE00B14X4S71
118531,4.7069593318901255,4.7076157573207,2020-05-21,IE00B14X4S71
118571,4.710340683593631,4.709560831473857,2020-05-22,IE00B14X4S71
118611,4.707004491869359,4.707519171537782,2020-05-27,IE00B14X4S71
118651,4.699752828474039,4.698854499333022,2020-05-28,IE00B14X4S71
118691,4.697202271434585,4.695671549218215,2020-05-29,IE00B14X4S71
118731,4.687303015526614,4.686019030184712,2020-06-01,IE00B14X4S71
118771,4.681853410759049,4.679845283010385,2020-06-02,IE00B14X4S71
118811,4.675815025557423,4.676110360249703,2020-06-03,IE00B14X4S71
118851,4.676932552214982,4.6753760548295356,2020-06-04,IE00B14X4S71
118891,4.66617120754549,4.665443687345422,2020-06-05,IE00B14X4S71
118931,4.668520501488853,4.66750252529521,2020-06-08,IE00B14X4S71
118971,4.665182855894262,4.66613263308808,2020-06-09,IE00B14X4S71
119011,4.664004971708984,4.664179386066085,2020-06-10,IE00B14X4S71
119051,4.672735372150515,4.673242767471405,2020-06-11,IE00B14X4S71
119091,4.681853410759049,4.681056575819224,2020-06-12,IE00B14X4S71
119131,4.6799993266087405,4.678833202020662,2020-06-15,IE00B14X4S71
119171,4.677118685300675,4.6785200851628,2020-06-16,IE00B14X4S71
119211,4.682362681817997,4.680965733385364,2020-06-17,IE00B14X4S71
119251,4.689557289248256,4.690932199514779,2020-06-18,IE00B14X4S71
119291,4.694919478131699,4.695223847201195,2020-06-19,IE00B14X4S71
119331,4.689051669968793,4.688471271685233,2020-06-22,IE00B14X4S71
119371,4.682594082952895,4.682315469409827,2020-06-23,IE00B14X4S71
119411,4.69001672139821,4.688470351610726,2020-06-24,IE00B14X4S71
119451,4.69162307371829,4.692254810295071,2020-06-25,IE00B14X4S71
119491,4.698751599609622,4.699502615222805,2020-06-26,IE00B14X4S71
119531,4.703747749349085,4.7037459370966275,2020-06-29,IE00B14X4S71
119571,4.694462293466853,4.696478733567603,2020-06-30,IE00B14X4S71
119611,4.687901583585556,4.688126184367817,2020-07-01,IE00B14X4S71
119651,4.687026632457924,4.687658516072358,2020-07-02,IE00B14X4S71
119691,4.687579322228809,,2020-07-03,IE00B14X4S71
119731,4.684997485847646,,2020-07-06,IE00B14X4S71
119771,4.678281232805414,4.67882019615037,2020-07-07,IE00B14X4S71
119811,4.678606504061274,4.6774722427434865,2020-07-08,IE00B14X4S71
119851,4.676187673223372,4.676071235744344,2020-07-09,IE00B14X4S71
119891,4.673669602412784,4.672251097510591,2020-07-10,IE00B14X4S71
119931,4.676001366748682,4.675621193877265,2020-07-13,IE00B14X4S71
119971,4.682455248697633,4.682719017304683,2020-07-14,IE00B14X4S71
120011,4.676839472678451,4.675447831798946,2020-07-15,IE00B14X4S71
120051,4.676932552214982,4.677228487572949,2020-07-16,IE00B14X4S71
120091,4.6821775223488755,4.682480240286114,2020-07-17,IE00B14X4S71
120131,4.673482826170178,4.6734445327312875,2020-07-20,IE00B14X4S71
120171,4.666359354300514,4.665519946504208,2020-07-21,IE00B14X4S71
120211,4.666923582263574,4.666950845218062,2020-07-22,IE00B14X4S71
120251,4.6659830253846035,4.6659124479434775,2020-07-23,IE00B14X4S71
120291,4.662495252607361,4.662428205978294,2020-07-24,IE00B14X4S71
120331,4.655197679587739,4.653951778692217,2020-07-27,IE00B14X4S71
120371,4.6515765588022475,4.650438919095424,2020-07-28,IE00B14X4S71
120411,4.648325456302019,4.649164104633955,2020-07-29,IE00B14X4S71
120451,4.644871552839644,4.643512628959617,2020-07-30,IE00B14X4S71
120491,4.638604962074329,4.637217152316345,2020-07-31,IE00B14X4S71
120531,4.643669485138701,4.644309165032,2020-08-03,IE00B14X4S71
120571,4.642369626977198,4.6434115736047765,2020-08-04,IE00B14X4S71
120611,4.635602393108293,4.63578377155589,2020-08-05,IE00B14X4S71
120651,4.636959508477498,4.635834202498,2020-08-06,IE00B14X4S71
120691,4.642032350720657,4.642516065816122,2020-08-07,IE00B14X4S71
120731,4.640247712600788,4.6396083270072905,2020-08-10,IE00B14X4S71
120771,4.639668226395659,4.63929138020725,2020-08-11,IE00B14X4S71
120811,4.642273273939594,4.6416525378655,2020-08-12,IE00B14X4S71
120851,4.6392817156168595,4.6385962579745526,2020-08-13,IE00B14X4S71
120891,4.638121286127777,4.637630599723156,2020-08-14,IE00B14X4S71
120931,4.638701669196884,4.638396042766717,2020-08-17,IE00B14X4S71
120971,4.628984364087346,4.629496877979149,2020-08-18,IE00B14X4S71
121011,4.6321041872281725,4.632140203322503,2020-08-19,IE00B14X4S71
121051,4.634243433473799,4.635816745921234,2020-08-20,IE00B14X4S71
121091,4.6392817156168595,4.640631919946191,2020-08-21,IE00B14X4S71
121131,4.640923355693909,4.640796948631157,2020-08-24,IE00B14X4S71
121171,4.636475035816504,4.637013754802323,2020-08-25,IE00B14X4S71
121211,4.6321041872281725,4.631356316870913,2020-08-26,IE00B14X4S71
121251,4.631422557132157,4.6315180133202745,2020-08-27,IE00B14X4S71
121291,4.620058798481842,4.62136041406681,2020-08-28,IE00B14X4S71
121331,4.624384404911896,4.623416701208864,2020-09-02,IE00B14X4S71
121371,4.627078438036971,4.625983087099506,2020-09-03,IE00B14X4S71
121411,4.631032845513819,4.630126178525066,2020-09-04,IE00B14X4S71
121451,4.633223000430126,,2020-09-07,IE00B14X4S71
121491,4.6437175956003305,,2020-09-08,IE00B14X4S71
121531,4.645111793081039,4.646293894987955,2020-09-09,IE00B14X4S71
121571,4.656148430752721,4.656893188038079,2020-09-10,IE00B14X4S71
121611,4.663061664403869,4.663352297892554,2020-09-11,IE00B14X4S71
121651,4.655578088531937,4.655564776662408,2020-09-14,IE00B14X4S71
121691,4.65757286478114,4.657779713760299,2020-09-15,IE00B14X4S71
121731,4.646839821159484,4.646198879144712,2020-09-16,IE00B14X4S71
121771,4.64314011723972,4.643650240305938,2020-09-17,IE00B14X4S71
121814,4.643284518096749,4.642491018587645,2020-09-18,IE00B14X4S71
121857,4.655958352820196,4.655372685675355,2020-09-21,IE00B14X4S71
121900,4.659942421835071,4.661074035413323,2020-09-22,IE00B14X4S71
121943,4.658521361485086,4.657914427242951,2020-09-23,IE00B14X4S71
121986,4.660794089736088,4.6618472617812445,2020-09-24,IE00B14X4S71
122029,4.662967284714308,4.662603839723842,2020-09-25,IE00B14X4S71
122072,4.650812543866793,4.651923038150819,2020-09-28,IE00B14X4S71
122115,4.650478103692633,4.652170177325306,2020-09-29,IE00B14X4S71
122158,4.644871552839644,4.645224205691162,2020-09-30,IE00B14X4S71
122201,4.647606876185348,4.649927467100773,2020-10-01,IE00B14X4S71
122244,4.643910014304022,4.644564922459975,2020-10-02,IE00B14X4S71
122287,4.641598542601643,4.640900198343572,2020-10-05,IE00B14X4S71
122330,4.642562305205154,4.641278367930124,2020-10-06,IE00B14X4S71
122373,4.645303943727737,4.646733345777499,2020-10-07,IE00B14X4S71
122416,4.644871552839644,4.644922488591892,2020-10-08,IE00B14X4S71
122459,4.638508245598602,4.639210194744815,2020-10-09,IE00B14X4S71
122502,4.63336884034677,,2020-10-12,IE00B14X4S71
122545,4.641212777335021,,2020-10-13,IE00B14X4S71
122588,4.637153231841142,4.636463405587989,2020-10-14,IE00B14X4S71
122631,4.645448032486661,4.646579847798095,2020-10-15,IE00B14X4S71
122674,4.645736147734753,4.6447908191627,2020-10-16,IE00B14X4S71
122717,4.639958011473755,4.639443102032822,2020-10-19,IE00B14X4S71
122760,4.64285125295578,4.642218348553789,2020-10-20,IE00B14X4S71
122803,4.628300603376946,4.626798596507641,2020-10-21,IE00B14X4S71
122846,4.632201525039122,4.632026310157089,2020-10-22,IE00B14X4S71
122889,4.635699391022914,4.635883661144035,2020-10-23,IE00B14X4S71
122932,4.638024522859038,4.637414698866314,2020-10-26,IE00B14X4S71
122975,4.633757642840004,4.6344153468163,2020-10-27,IE00B14X4S71
123018,4.640730361386642,4.639616056162243,2020-10-28,IE00B14X4S71
123061,4.646120172317046,4.64790586823937,2020-10-29,IE00B14X4S71
123104,4.64285125295578,4.644667783882178,2020-10-30,IE00B14X4S71
123147,4.64731929949625,4.646172964165996,2020-11-02,IE00B14X4S71
123190,4.6336118596193945,4.633649765301315,2020-11-03,IE00B14X4S71
123233,4.641261006132445,4.640359707873931,2020-11-04,IE00B14X4S71
123276,4.631812116934513,4.630950012225509,2020-11-05,IE00B14X4S71
123319,4.6260506635674465,4.628191158263561,2020-11-06,IE00B14X4S71
123362,4.6280562897747926,4.6273699378839925,2020-11-09,IE00B14X4S71
123405,4.621437158451963,4.61962323565783,2020-11-10,IE00B14X4S71
123448,4.623402954249151,,2020-11-11,IE00B14X4S71
123491,4.628251745431412,,2020-11-12,IE00B14X4S71
123534,4.626344421219498,4.626626347403693,2020-11-13,IE00B14X4S71
123578,4.623942871311375,4.62539625303277,2020-11-16,IE00B14X4S71
123622,4.6194674906889155,4.619384679689202,2020-11-17,IE00B14X4S71
123666,4.616653993929377,4.615936025807569,2020-11-18,IE00B14X4S71
123710,4.6216830943623055,4.622163970214641,2020-11-19,IE00B14X4S71
123754,4.61690110886379,4.617474180444256,2020-11-20,IE00B14X4S71
123798,4.61719756620081,4.616710341508942,2020-11-23,IE00B14X4S71
123842,4.612344389736092,4.612213324753489,2020-11-24,IE00B14X4S71
123886,4.610754564281992,4.610380588235971,2020-11-25,IE00B14X4S71
123930,4.6141299273595635,,2020-11-26,IE00B14X4S71
123974,4.615417502439641,,2020-11-27,IE00B14X4S71
124018,4.6133367486544845,4.613053034537209,2020-11-30,IE00B14X4S71
124062,4.606768907351788,4.611506071805596,2020-12-01,IE00B14X4S71
124106,4.6133367486544845,4.614499531990864,2020-12-02,IE00B14X4S71
124150,4.602316117005185,4.601903857339956,2020-12-03,IE00B14X4S71
124194,4.603719133720777,4.60366605535055,2020-12-04,IE00B14X4S71
124238,4.61274145148441,4.615530333844897,2020-12-07,IE00B14X4S71
124282,4.612542940317504,4.612076283902191,2020-12-08,IE00B14X4S71
124326,4.610953430743819,4.609560534289384,2020-12-09,IE00B14X4S71
124370,4.617790217344194,4.619131274868717,2020-12-10,IE00B14X4S71
124414,4.623255653534477,4.624035118884299,2020-12-11,IE00B14X4S71
124458,4.615714399863762,4.616082430291765,2020-12-14,IE00B14X4S71
124502,4.606968567929471,4.609953726592858,2020-12-15,IE00B14X4S71
124546,4.603017871419949,4.602540732001988,2020-12-16,IE00B14X4S71
124590,4.59491780952374,4.595377392725226,2020-12-17,IE00B14X4S71
124634,4.602917650934797,4.603657041762567,2020-12-18,IE00B14X4S71
124678,4.614674873002337,4.615757937407975,2020-12-21,IE00B14X4S71
124722,4.614229030476437,4.616042863625885,2020-12-22,IE00B14X4S71
124766,4.602165676967792,4.60087999627076,2020-12-23,IE00B14X4S71
124810,4.596129441335942,4.599709302468397,2020-12-24,IE00B14X4S71
124854,4.5955742923146445,4.594469133413875,2020-12-30,IE00B14X4S71
124898,4.591071261608589,4.590044365362716,2020-12-31,IE00B14X4S71
124942,4.5944125293351314,4.595389510742597,2021-01-05,IE00B14X4S71
124986,4.596179894149959,4.598261375020312,2021-01-06,IE00B14X4S71
125030,4.597793041649042,4.598930761198072,2021-01-07,IE00B14X4S71
125074,4.596684282337793,4.595154192979211,2021-01-08,IE00B14X4S71
125118,4.602265972840701,4.602691115630908,2021-01-11,IE00B14X4S71
125162,4.593097604753822,4.592797964724531,2021-01-12,IE00B14X4S71
125206,4.592490132830717,4.591802231707355,2021-01-13,IE00B14X4S71
125250,4.588074890559454,4.588765359622807,2021-01-14,IE00B14X4S71
125294,4.595170353909758,4.596247496930174,2021-01-15,IE00B14X4S71
125338,4.5966338549658055,,2021-01-18,IE00B14X4S71
125382,4.5939575587739885,,2021-01-19,IE00B14X4S71
125426,4.591932959206071,4.592689626805293,2021-01-20,IE00B14X4S71
125470,4.585783472187901,4.585972075934539,2021-01-21,IE00B14X4S71
125514,4.589751933259711,4.5899194829474705,2021-01-22,IE00B14X4S71
125558,4.591071261608589,4.589968219404075,2021-01-25,IE00B14X4S71
125602,4.585324557767385,4.584758273115146,2021-01-26,IE00B14X4S71
125646,4.587566140039731,4.5876913166737925,2021-01-27,IE00B14X4S71
125690,4.586140260081286,4.586416428435676,2021-01-28,IE00B14X4S71
125734,4.587413464398832,4.585474492974238,2021-01-29,IE00B14X4S71
125778,4.5900057854683185,4.590757825068554,2021-02-01,IE00B14X4S71
125822,4.591983624183916,4.593070276445185,2021-02-02,IE00B14X4S71
125866,4.591426168195833,4.59196031861292,2021-02-03,IE00B14X4S71
125910,4.590766955677347,4.59110777209826,2021-02-04,IE00B14X4S71
125954,4.5861912193902885,4.586261538972436,2021-02-05,IE00B14X4S71
125998,4.585732492095616,4.58480317945991,2021-02-08,IE00B14X4S71
126042,4.581594449459386,4.580880567184814,2021-02-09,IE00B14X4S71
126086,4.577336395058655,4.577531738684135,2021-02-10,IE00B14X4S71
126130,4.579595934868661,4.579415359448179,2021-02-11,IE00B14X4S71
126174,4.577490616881349,4.577267501625972,2021-02-12,IE00B14X4S71
126218,4.572388696463712,,2021-02-15,IE00B14X4S71
126262,4.572388696463712,,2021-02-16,IE00B14X4S71
126306,4.57738780497564,4.576661652021686,2021-02-17,IE00B14X4S71
126350,4.569646629919045,4.570108651447521,2021-02-18,IE00B14X4S71
126394,4.565025045683664,4.565334163570886,2021-02-19,IE00B14X4S71
126438,4.562106096517065,4.562544482428935,2021-02-22,IE00B14X4S71
126482,4.5592309540466465,4.558839295325086,2021-02-23,IE00B14X4S71
126526,4.559806644236561,4.558983828968685,2021-02-24,IE00B14X4S71
126570,4.556609995372715,4.555431472087572,2021-02-25,IE00B14X4S71
126614,4.569024739351738,4.566594624679597,2021-02-26,IE00B14X4S71
126658,4.569646629919045,4.570276418090728,2021-03-01,IE00B14X4S71
126702,4.569180248254936,4.569575132181296,2021-03-02,IE00B14X4S71
126746,4.566377381268936,4.567283462674586,2021-03-03,IE00B14X4S71
126790,4.5662734203581445,4.566152812159968,2021-03-04,IE00B14X4S71
126834,4.57944203741536,4.578328140019995,2021-03-05,IE00B14X4S71
126878,4.578415448679272,4.578507884834199,2021-03-08,IE00B14X4S71
126922,4.572543683160998,4.572677985537835,2021-03-09,IE00B14X4S71
126966,4.572905225400816,4.5721448020894355,2021-03-10,IE00B14X4S71
127010,4.5635145107192585,4.563770941557827,2021-03-11,IE00B14X4S71
127054,4.568143065151014,4.5687582445398105,2021-03-12,IE00B14X4S71
127098,4.569283907423682,4.571127245007069,2021-03-15,IE00B14X4S71
127142,4.569024739351738,4.569031996971851,2021-03-16,IE00B14X4S71
127186,4.570630499713347,4.569835193633936,2021-03-17,IE00B14X4S71
127230,4.5652852522891765,4.565926112561961,2021-03-18,IE00B14X4S71
127273,4.570682255529419,4.570657413072001,2021-03-19,IE00B14X4S71
127316,4.571406555835282,4.572049708504873,2021-03-22,IE00B14X4S71
127359,4.5774392122497805,4.57665753633805,2021-03-23,IE00B14X4S71
127402,4.581389657322688,4.581951711322309,2021-03-24,IE00B14X4S71
127445,4.581645640941134,4.582031540365385,2021-03-25,IE00B14X4S71
127488,4.5771307289568455,4.576857127485508,2021-03-26,IE00B14X4S71
127531,4.5774392122497805,4.578256233047042,2021-03-29,IE00B14X4S71
127574,4.581748016043599,4.582466394381515,2021-03-30,IE00B14X4S71
127617,4.577182149447922,4.576189266740001,2021-03-31,IE00B14X4S71
127660,4.5736795188967205,4.574353182543279,2021-04-01,IE00B14X4S71
127703,4.578107266438402,4.576894160636354,2021-04-07,IE00B14X4S71
127746,4.580570069119859,4.581376344382049,2021-04-08,IE00B14X4S71
127789,4.581440859288855,4.581077268544635,2021-04-09,IE00B14X4S71
127832,4.579595934868661,4.579776477687548,2021-04-12,IE00B14X4S71
127875,4.580467573347719,4.58101785242072,2021-04-13,IE00B14X4S71
127918,4.576410564316666,4.5775265985512625,2021-04-14,IE00B14X4S71
127961,4.577284982498556,4.576720298673056,2021-04-15,IE00B14X4S71
128004,4.574607880405451,4.574560451710876,2021-04-16,IE00B14X4S71
128047,4.562575788355671,4.562591440951524,2021-04-19,IE00B14X4S71
128090,4.566013470786897,4.565444465339988,2021-04-20,IE00B14X4S71
128133,4.566429357671661,4.566948973167894,2021-04-21,IE00B14X4S71
128176,4.573524708152545,4.573206754942669,2021-04-22,IE00B14X4S71
128219,4.572853584511548,4.573410132770335,2021-04-23,IE00B14X4S71
128262,4.569853840860524,4.569315003079104,2021-04-26,IE00B14X4S71
128305,4.567312543431851,4.567572155572773,2021-04-27,IE00B14X4S71
128348,4.567624069914121,4.568518649671803,2021-04-28,IE00B14X4S71
128391,4.565077092421647,4.56580858291029,2021-04-29,IE00B14X4S71
128434,4.5755353808584,4.57307871925771,2021-04-30,IE00B14X4S71
128477,4.568402461795877,4.568640010091133,2021-05-05,IE00B14X4S71
128520,4.57078575912626,4.570111758493006,2021-05-06,IE00B14X4S71
128563,4.563462382588301,4.563882458030854,2021-05-07,IE00B14X4S71
128606,4.552823705615882,4.55230934785608,2021-05-10,IE00B14X4S71
128649,4.5512418439625355,4.551862231957036,2021-05-11,IE00B14X4S71
128692,4.555139252382526,4.555040424959308,2021-05-12,IE00B14X4S71
128735,4.559858963278089,4.55890109125087,2021-05-13,IE00B14X4S71
128778,4.555874894263214,4.55594212595626,2021-05-14,IE00B14X4S71
128821,4.553771622902091,4.5536652902671895,2021-05-17,IE00B14X4S71
128864,4.548705649006965,4.547243359347573,2021-05-18,IE00B14X4S71
128907,4.5513473792905845,4.551633324052437,2021-05-19,IE00B14X4S71
128950,4.550661200487698,4.551171129061241,2021-05-20,IE00B14X4S71
128993,4.550502784645783,4.55076257345795,2021-05-21,IE00B14X4S71
129036,4.551400142778263,4.551081408929936,2021-05-24,IE00B14X4S71
129079,4.553455750301413,4.5530702505636444,2021-05-25,IE00B14X4S71
129122,4.553929521794495,4.553773728384662,2021-05-26,IE00B14X4S71
129165,4.5502915244781015,4.5490050433967735,2021-05-27,IE00B14X4S71
129208,4.549340301027421,4.549841391491076,2021-05-28,IE00B14X4S71
129251,4.549868870203002,4.550975845527403,2021-06-02,IE00B14X4S71
129294,4.554718642491993,4.55426944611988,2021-06-03,IE00B14X4S71
129337,4.55081959123801,4.550256662260449,2021-06-04,IE00B14X4S71
129380,4.550027386490883,4.550489054091021,2021-06-07,IE00B14X4S71
129423,4.552296696381023,4.552025705528206,2021-06-08,IE00B14X4S71
129466,4.554245244802801,4.553690558452124,2021-06-09,IE00B14X4S71
129509,4.552296696381023,4.552668793723028,2021-06-10,IE00B14X4S71
129552,4.55445567144359,4.553778992071696,2021-06-11,IE00B14X4S71
129595,4.554613462370939,4.553809520910134,2021-06-14,IE00B14X4S71
129638,4.55592741940964,4.556057669868852,2021-06-15,IE00B14X4S71
129681,4.555034116494294,4.5539305743701215,2021-06-16,IE00B14X4S71
129724,4.565961472762811,4.564668973345161,2021-06-17,IE00B14X4S71
129767,4.574195381688661,4.574394433562959,2021-06-18,IE00B14X4S71
129810,4.5666372362713075,4.567284501287622,2021-06-21,IE00B14X4S71
129853,4.566741159368309,4.566885594536134,2021-06-22,IE00B14X4S71
129896,4.563618758829857,4.56276881991693,2021-06-23,IE00B14X4S71
129939,4.567675981560511,4.5680828755121246,2021-06-24,IE00B14X4S71
129982,4.567312543431851,4.56664555051652,2021-06-25,IE00B14X4S71
130025,4.569128414640826,4.568882686753674,2021-06-28,IE00B14X4S71
130068,4.572233685741827,4.572804006748817,2021-06-29,IE00B14X4S71
130111,4.574195381688661,4.574229419273378,2021-06-30,IE00B14X4S71
130154,4.576976451617309,4.5767007501714225,2021-07-01,IE00B14X4S71
130197,4.575947327311188,4.576652391709685,2021-07-02,IE00B14X4S71
130240,4.572078650987892,,2021-07-05,IE00B14X4S71
130283,4.576410564316666,,2021-07-06,IE00B14X4S71
130326,4.578158636741241,4.577667428636913,2021-07-07,IE00B14X4S71
130369,4.57913417143725,4.579516937134419,2021-07-08,IE00B14X4S71
130412,4.574143807382969,4.57363204614968,2021-07-09,IE00B14X4S71
130455,4.569853840860524,4.569005039831628,2021-07-12,IE00B14X4S71
130498,4.572646994282532,4.572104491782756,2021-07-13,IE00B14X4S71
130541,4.571975281130451,4.571174836810114,2021-07-14,IE00B14X4S71
130584,4.5715099844954565,4.571379662631297,2021-07-15,IE00B14X4S71
130627,4.576925020547789,4.5765762481151775,2021-07-16,IE00B14X4S71
130670,4.585375558659912,4.5859516880551325,2021-07-19,IE00B14X4S71
130713,4.591020550383649,4.590472705227508,2021-07-20,IE00B14X4S71
130756,4.5851205281823875,4.5855509818688525,2021-07-21,IE00B14X4S71
130799,4.579852378003801,4.579845198490849,2021-07-22,IE00B14X4S71
130842,4.579852378003801,4.580141566953877,2021-07-23,IE00B14X4S71
130885,4.57517478845269,4.575019178427587,2021-07-26,IE00B14X4S71
130928,4.571147937373655,4.570841646614412,2021-07-27,IE00B14X4S71
130971,4.571251392784466,4.571767475387751,2021-07-28,IE00B14X4S71
131014,4.564608574231968,4.56427527214262,2021-07-29,IE00B14X4S71
131057,4.570475216191205,4.569632123545047,2021-07-30,IE00B14X4S71
131100,4.570475216191205,4.57032715677873,2021-08-02,IE00B14X4S71
131143,4.57078575912626,4.570633605137851,2021-08-03,IE00B14X4S71
131186,4.56954300834494,4.569367863474294,2021-08-04,IE00B14X4S71
131229,4.567052863874963,4.5672169891964405,2021-08-05,IE00B14X4S71
131272,4.571665107430693,4.571730251888551,2021-08-06,IE00B14X4S71
131315,4.572130331909891,4.572631498294701,2021-08-09,IE00B14X4S71
131358,4.572853584511548,4.572357696241541,2021-08-10,IE00B14X4S71
131401,4.5715099844954565,4.571290703034411,2021-08-11,IE00B14X4S71
131444,4.573782712746459,4.573653718770299,2021-08-12,IE00B14X4S71
131487,4.572130331909891,4.572451727285288,2021-08-13,IE00B14X4S71
131530,4.573266636975083,4.572204747745615,2021-08-16,IE00B14X4S71
131573,4.580467573347719,4.580899009581015,2021-08-17,IE00B14X4S71
131616,4.579698520014422,4.579477948939629,2021-08-18,IE00B14X4S71
131659,4.586445976989812,4.586512203336205,2021-08-19,IE00B14X4S71
131702,4.5897011550841595,4.589763104112316,2021-08-20,IE00B14X4S71
131745,4.582413198865475,4.5821441089555925,2021-08-23,IE00B14X4S71
131788,4.581696829802449,4.581280076306107,2021-08-24,IE00B14X4S71
131831,4.582259734404985,4.581232963019127,2021-08-25,IE00B14X4S71
131874,4.581901559048737,4.582549250991039,2021-08-26,IE00B14X4S71
131917,4.580467573347719,4.58086109984205,2021-08-27,IE00B14X4S71
131960,4.577901758833898,4.577927449594217,2021-09-01,IE00B14X4S71
132003,4.574865605723236,4.574437745302302,2021-09-02,IE00B14X4S71
132046,4.572440361365173,4.571729217882684,2021-09-03,IE00B14X4S71
132089,4.575380857177339,,2021-09-06,IE00B14X4S71
132132,4.578004517915322,,2021-09-07,IE00B14X4S71
132175,4.580621313066679,4.581312849457524,2021-09-08,IE00B14X4S71
132218,4.573885895948325,4.573703254425144,2021-09-09,IE00B14X4S71
132261,4.573421487673511,4.572742031088705,2021-09-10,IE00B14X4S71
132304,4.573524708152545,4.573164422376994,2021-09-13,IE00B14X4S71
132347,4.573369873438294,4.573189202632913,2021-09-14,IE00B14X4S71
132390,4.573782712746459,4.574721287728593,2021-09-15,IE00B14X4S71
132433,4.576256175823449,4.576693547995542,2021-09-16,IE00B14X4S71
132476,4.57764481492334,4.578109321301183,2021-09-17,IE00B14X4S71
132519,4.583588977954487,4.58397617116107,2021-09-20,IE00B14X4S71
132562,4.5861912193902885,4.586034256399597,2021-09-21,IE00B14X4S71
132605,4.584661309356551,4.5852837551804955,2021-09-22,IE00B14X4S71
132648,4.578415448679272,4.577713682367413,2021-09-23,IE00B14X4S71
132691,4.5828223223241835,4.582451049811523,2021-09-24,IE00B14X4S71
132734,4.580006212324542,4.58017130150127,2021-09-27,IE00B14X4S71
132777,4.592135603717631,4.5926987397926675,2021-09-28,IE00B14X4S71
132820,4.599906356312992,4.601035650563894,2021-09-29,IE00B14X4S71
132863,4.5958266709849385,4.596902099368315,2021-09-30,IE00B14X4S71
132906,4.592692664476979,4.593242331122561,2021-10-01,IE00B14X4S71
132949,4.5884308619837935,4.588180678158398,2021-10-04,IE00B14X4S71
132992,4.5851205281823875,4.586488769899645,2021-10-05,IE00B14X4S71
133035,4.591527546946932,4.590373249291987,2021-10-06,IE00B14X4S71
133078,4.585732492095616,4.58618510441032,2021-10-07,IE00B14X4S71
133121,4.584916456960824,4.5847388811155705,2021-10-08,IE00B14X4S71
133164,4.585018497777239,,2021-10-11,IE00B14X4S71
133207,4.58700621536042,,2021-10-12,IE00B14X4S71
133250,4.583946549536464,4.584258043407405,2021-10-13,IE00B14X4S71
133293,4.581338452734745,4.580820114723741,2021-10-14,IE00B14X4S71
133336,4.574814065973192,4.5737992227742374,2021-10-15,IE00B14X4S71
133379,4.577336395058655,4.576829351722329,2021-10-18,IE00B14X4S71
133422,4.570992734186505,4.571467580038638,2021-10-19,IE00B14X4S71
133465,4.570112794172689,4.570350972009814,2021-10-20,IE00B14X4S71
133508,4.570889252011217,4.568979118819173,2021-10-21,IE00B14X4S71
133551,4.572337028892851,4.572145835665676,2021-10-22,IE00B14X4S71
133594,4.572698645841129,4.5728525516665615,2021-10-25,IE00B14X4S71
133637,4.571613402459248,4.571075512217263,2021-10-26,IE00B14X4S71
133680,4.575844356606263,4.5765669870122725,2021-10-27,IE00B14X4S71
133723,4.570319908552345,4.570340617631206,2021-10-28,IE00B14X4S71
133766,4.578004517915322,4.577011423233732,2021-10-29,IE00B14X4S71
133809,4.579185489016098,4.579008945491502,2021-11-01,IE00B14X4S71
133852,4.584712344085695,4.584786850113319,2021-11-02,IE00B14X4S71
133895,4.580160022983923,4.581092634209034,2021-11-03,IE00B14X4S71
133938,4.593401202388092,4.594333682600002,2021-11-04,IE00B14X4S71
133981,4.594715728084233,4.5948006072628145,2021-11-05,IE00B14X4S71
134024,4.589650374330055,4.588458317372601,2021-11-08,IE00B14X4S71
134067,4.591527546946932,4.589864651594483,2021-11-09,IE00B14X4S71
134110,4.593198814206872,4.593743145335512,2021-11-10,IE00B14X4S71
134153,4.600258141627071,,2021-11-11,IE00B14X4S71
134196,4.598346960639966,,2021-11-12,IE00B14X4S71
134239,4.596583425050769,4.596572330128158,2021-11-15,IE00B14X4S71
134282,4.59784341060163,4.597530074521944,2021-11-16,IE00B14X4S71
134325,4.594210345751749,4.594688443961013,2021-11-17,IE00B14X4S71
134368,4.593401202388092,4.593857437465309,2021-11-18,IE00B14X4S71
134411,4.5954228345332115,4.594933974274884,2021-11-19,IE00B14X4S71
134454,4.5977426701592945,4.597988459011791,2021-11-22,IE00B14X4S71
134497,4.600308386571184,4.600411883199849,2021-11-23,IE00B14X4S71
134540,4.60311808186196,4.602916648679221,2021-11-24,IE00B14X4S71
134583,4.60351882323886,,2021-11-25,IE00B14X4S71
134626,4.606569206901798,,2021-11-26,IE00B14X4S71
134669,4.607367769531579,4.607807704675675,2021-11-29,IE00B14X4S71
134712,4.611152257665639,4.6121656605004775,2021-11-30,IE00B14X4S71
134755,4.604720084707706,4.605571105609078,2021-12-01,IE00B14X4S71
134798,4.604970165985424,4.605103183743491,2021-12-02,IE00B14X4S71
134841,4.611450423945242,4.612133883069601,2021-12-03,IE00B14X4S71
134884,4.609560534289384,4.610316918807621,2021-12-06,IE00B14X4S71
134927,4.610406452783338,4.609236905662852,2021-12-07,IE00B14X4S71
134970,4.609460967405248,4.610840081707214,2021-12-08,IE00B14X4S71
135013,4.612840692292311,4.611437505249056,2021-12-09,IE00B14X4S71
135056,4.610257225036649,4.610208472480239,2021-12-10,IE00B14X4S71
135099,4.610655116218661,4.610521840306493,2021-12-13,IE00B14X4S71
135142,4.609560534289384,4.609728779792823,2021-12-14,IE00B14X4S71
135185,4.610854002456389,4.611209910079253,2021-12-15,IE00B14X4S71
135228,4.604770105966751,4.603413644171402,2021-12-16,IE00B14X4S71
135271,4.608065989100117,4.608176662006455,2021-12-17,IE00B14X4S71
135314,4.613039144366787,4.611687899472219,2021-12-20,IE00B14X4S71
135357,4.608863357825709,4.610158722523511,2021-12-21,IE00B14X4S71
135400,4.6012123641337475,4.601544621565041,2021-12-22,IE00B14X4S71
135443,4.597188416246434,4.596800255643894,2021-12-23,IE00B14X4S71
135486,4.596532992592428,,2021-12-24,IE00B14X4S71
135529,4.5900057854683185,4.590285963484705,2021-12-30,IE00B14X4S71
135572,4.5912233798554665,,2021-12-31,IE00B14X4S71
135615,4.583537885860977,4.583224123174394,2022-01-05,IE00B14X4S71
135658,4.584559232083967,4.585114406651638,2022-01-06,IE00B14X4S71
135701,4.581696829802449,4.581690687277441,2022-01-07,IE00B14X4S71
135744,4.581952734811907,4.581958875727497,2022-01-10,IE00B14X4S71
135787,4.577850375333129,4.578871384166138,2022-01-11,IE00B14X4S71
135830,4.572388696463712,4.572793677738863,2022-01-12,IE00B14X4S71
135873,4.569387555848319,4.56979789813757,2022-01-13,IE00B14X4S71
135916,4.573318256538909,4.572130331909891,2022-01-14,IE00B14X4S71
135959,4.573421487673511,,2022-01-17,IE00B14X4S71
136002,4.578415448679272,,2022-01-18,IE00B14X4S71
136045,4.57532934397707,4.574970738577246,2022-01-19,IE00B14X4S71
136088,4.573627917978213,4.572918651595218,2022-01-20,IE00B14X4S71
136131,4.5810823904590015,4.581205308534259,2022-01-21,IE00B14X4S71
136174,4.589142424910894,4.5884562836659475,2022-01-24,IE00B14X4S71
136217,4.5861912193902885,4.586456165943967,2022-01-25,IE00B14X4S71
136260,4.584201879551895,4.582634146321796,2022-01-26,IE00B14X4S71
136303,4.590411815012546,4.590597518578436,2022-01-27,IE00B14X4S71
136346,4.5886850497282285,4.589343603738213,2022-01-28,IE00B14X4S71
136389,4.588634217347992,4.588988973446733,2022-01-31,IE00B14X4S71
136432,4.58205507848204,4.582110339709038,2022-02-01,IE00B14X4S71
136475,4.57877487462856,4.578274723905367,2022-02-02,IE00B14X4S71
136518,4.573731117152711,4.574332556395304,2022-02-03,IE00B14X4S71
136561,4.576770711466393,4.577790767164325,2022-02-04,IE00B14X4S71
136604,4.577850375333129,4.578060003428993,2022-02-07,IE00B14X4S71
136647,4.576153236917599,4.575578643210582,2022-02-08,IE00B14X4S71
136690,4.575947327311188,4.575731076583073,2022-02-09,IE00B14X4S71
136733,4.567104805181299,4.565855388409009,2022-02-10,IE00B14X4S71
136776,4.567987394860375,4.5695419720749735,2022-02-11,IE00B14X4S71
136819,4.573421487673511,4.5742500475487615,2022-02-14,IE00B14X4S71
136862,4.573111762294203,4.573841528476279,2022-02-15,IE00B14X4S71
136905,4.569957430232347,4.570828192504569,2022-02-16,IE00B14X4S71
136948,4.567935499377866,4.568622377440442,2022-02-17,IE00B14X4S71
136991,4.57109620565434,4.5714944708783785,2022-02-18,IE00B14X4S71
137034,4.570164576789276,,2022-02-21,IE00B14X4S71
137077,4.570216356724563,,2022-02-22,IE00B14X4S71
137120,4.572130331909891,4.571711639619343,2022-02-23,IE00B14X4S71
137163,4.588278318317873,4.5935853400426385,2022-02-24,IE00B14X4S71
137206,4.583742238574471,4.582790621238828,2022-02-25,IE00B14X4S71
137249,4.585069514281089,4.584740922396392,2022-02-28,IE00B14X4S71
137292,4.593502381120409,4.591951198893808,2022-03-01,IE00B14X4S71
137335,4.589802708856969,4.591175718627411,2022-03-02,IE00B14X4S71
137378,4.5897011550841595,4.589312108715186,2022-03-03,IE00B14X4S71
137421,4.600509341105897,4.599600705183223,2022-03-04,IE00B14X4S71
137464,4.606569206901798,4.60485613667977,2022-03-07,IE00B14X4S71
137507,4.607118287206108,4.605201185507601,2022-03-08,IE00B14X4S71
137550,4.599655005299981,4.601022596618464,2022-03-09,IE00B14X4S71
137593,4.60311808186196,4.60253672146229,2022-03-10,IE00B14X4S71
137636,4.607367769531579,4.6051771859635915,2022-03-11,IE00B14X4S71
137679,4.605670061029742,4.605817976126747,2022-03-14,IE00B14X4S71
137722,4.606868742623673,4.6044619352377305,2022-03-15,IE00B14X4S71
137765,4.601463324056765,4.601111962527237,2022-03-16,IE00B14X4S71
137808,4.5948167739086,4.594532809172889,2022-03-17,IE00B14X4S71
137851,4.593097604753822,4.593267630784407,2022-03-18,IE00B14X4S71
137894,4.589751933259711,4.5873686751221925,2022-03-21,IE00B14X4S71
137937,4.582975700478323,4.582302706827951,2022-03-22,IE00B14X4S71
137980,4.587820547652979,4.587066295021996,2022-03-23,IE00B14X4S71
138023,4.588735879524666,4.588706398557425,2022-03-24,IE00B14X4S71
138066,4.5854265569514805,4.5853133372219546,2022-03-25,IE00B14X4S71
138109,4.592844536297455,4.5928253004759,2022-03-28,IE00B14X4S71
138152,4.588786706737567,4.589219649852963,2022-03-29,IE00B14X4S71
138195,4.587871421409762,4.587279090550224,2022-03-30,IE00B14X4S71
138238,4.589904252317658,4.587864299239616,2022-03-31,IE00B14X4S71
138281,4.5902088208479315,4.589866682438949,2022-04-01,IE00B14X4S71
138324,4.5897011550841595,4.590110353837092,2022-04-04,IE00B14X4S71
138367,4.588380016680617,4.587075459398842,2022-04-05,IE00B14X4S71
138410,4.591780948869076,4.590751737949709,2022-04-06,IE00B14X4S71
138453,4.594311442653216,4.593427509843323,2022-04-07,IE00B14X4S71
138496,4.596482557590526,4.59673168174894,2022-04-08,IE00B14X4S71
138539,4.59491780952374,4.5944377994090475,2022-04-11,IE00B14X4S71
138582,4.596936381060988,4.597152127094467,2022-04-12,IE00B14X4S71
138625,4.597037202757902,4.597691288625706,2022-04-13,IE00B14X4S71
138668,4.594665201342944,4.595510682840446,2022-04-14,IE00B14X4S71
138711,4.593148210760766,4.593465957956083,2022-04-20,IE00B14X4S71
138754,4.591831621548911,4.593255487026602,2022-04-21,IE00B14X4S71
138797,4.606469341719712,4.6074755266471445,2022-04-22,IE00B14X4S71
138840,4.6207482159514095,4.618885696874033,2022-04-25,IE00B14X4S71
138883,4.627909672957581,4.628333825416449,2022-04-26,IE00B14X4S71
138926,4.634923144137439,4.636873289513245,2022-04-27,IE00B14X4S71
138969,4.640344260995746,4.641486685993983,2022-04-28,IE00B14X4S71
139012,4.631130287657623,4.630678075905666,2022-04-29,IE00B14X4S71
139055,4.633174382397689,4.636545783459208,2022-05-04,IE00B14X4S71
139098,4.647750633523209,4.645558486476684,2022-05-05,IE00B14X4S71
139141,4.6466959328165895,4.646873392127314,2022-05-06,IE00B14X4S71
139184,4.652673808632058,4.653223888560052,2022-05-09,IE00B14X4S71
139227,4.653293461169819,4.652169223237445,2022-05-10,IE00B14X4S71
139270,4.650095749341084,4.650019260924261,2022-05-11,IE00B14X4S71
139313,4.659279511635123,4.660605838949539,2022-05-12,IE00B14X4S71
139356,4.659563669818423,4.660691927877562,2022-05-13,IE00B14X4S71
139399,4.659611021666338,4.658590566523051,2022-05-16,IE00B14X4S71
139442,4.639185064575369,4.6387326135010065,2022-05-17,IE00B14X4S71
139485,4.645303943727737,4.6441389443265,2022-05-18,IE00B14X4S71
139528,4.638701669196884,4.639121269770371,2022-05-19,IE00B14X4S71
139571,4.640923355693909,4.641888732871122,2022-05-20,IE00B14X4S71
139614,4.632882624554627,4.632798971605374,2022-05-23,IE00B14X4S71
139657,4.639958011473755,4.639114503415971,2022-05-24,IE00B14X4S71
139700,4.637201656818755,4.638060326359754,2022-05-25,IE00B14X4S71
139743,4.635117262356044,4.6360601406878965,2022-05-26,IE00B14X4S71
139786,4.6330771392411,4.633113120311171,2022-05-27,IE00B14X4S71
139829,4.628642542173234,,2022-05-30,IE00B14X4S71
139872,4.6330285141164875,,2022-05-31,IE00B14X4S71
139915,4.640006300823549,4.6392749503480095,2022-06-01,IE00B14X4S71
139958,4.631714741210204,4.631043564614428,2022-06-07,IE00B14X4S71
140001,4.633563260489309,4.6327299040129795,2022-06-08,IE00B14X4S71
140044,4.634340563287871,4.633014898657885,2022-06-09,IE00B14X4S71
140087,4.647846460268528,4.644687009142633,2022-06-10,IE00B14X4S71
140130,4.656718447868668,4.656618718325608,2022-06-13,IE00B14X4S71
140173,4.664382045619937,4.665363656048435,2022-06-14,IE00B14X4S71
140216,4.662400819442363,4.6639436837664245,2022-06-15,IE00B14X4S71
140259,4.643958113195351,4.648562953238659,2022-06-16,IE00B14X4S71
140302,4.653484046266642,4.655513429219928,2022-06-17,IE00B14X4S71
140345,4.649330601773746,,2022-06-20,IE00B14X4S71
140388,4.647654797594247,,2022-06-21,IE00B14X4S71
140431,4.647798548043714,4.64753882383869,2022-06-22,IE00B14X4S71
140474,4.653388758258566,4.6514247573048495,2022-06-23,IE00B14X4S71
140517,4.650191351635612,4.6498031495323415,2022-06-24,IE00B14X4S71
140560,4.648229675448539,4.647643296665547,2022-06-27,IE00B14X4S71
140603,4.656528478263233,4.656026785038112,2022-06-28,IE00B14X4S71
140646,4.66362775555966,4.6636079477800125,2022-06-29,IE00B14X4S71
140689,4.662400819442363,4.663389092862025,2022-06-30,IE00B14X4S71
140732,4.676280813446044,4.677899136299551,2022-07-01,IE00B14X4S71
140775,4.667910215809277,,2022-07-04,IE00B14X4S71
140818,4.6871187686352584,,2022-07-05,IE00B14X4S71
140861,4.68532058017092,4.683223223271933,2022-07-06,IE00B14X4S71
140904,4.6747428893400516,4.67486694302281,2022-07-07,IE00B14X4S71
140947,4.6709579265260945,4.671411007390056,2022-07-08,IE00B14X4S71
140990,4.684581925412253,4.683943472903303,2022-07-11,IE00B14X4S71
141033,4.683241721408247,4.684071935323832,2022-07-12,IE00B14X4S71
141076,4.680648647163997,4.677800567041549,2022-07-13,IE00B14X4S71
141119,4.689649192566031,4.691232279217098,2022-07-14,IE00B14X4S71
141162,4.685274430229753,4.686298458069468,2022-07-15,IE00B14X4S71
141205,4.673762977453703,4.6712809080698054,2022-07-18,IE00B14X4S71
141248,4.6709579265260945,4.669490558332945,2022-07-19,IE00B14X4S71
141291,4.674229721919586,4.672298787469759,2022-07-20,IE00B14X4S71
141334,4.676560182074764,4.6791898685301145,2022-07-21,IE00B14X4S71
141377,4.674882798399391,4.6738675471495,2022-07-22,IE00B14X4S71
141420,4.673996376917944,4.672853133232109,2022-07-25,IE00B14X4S71
141463,4.675255793554779,4.672275410322976,2022-07-26,IE00B14X4S71
141506,4.673109168996284,4.6749919138786495,2022-07-27,IE00B14X4S71
141549,4.669130414946968,4.668863975440294,2022-07-28,IE00B14X4S71
141592,4.666829566374819,4.66556325158569,2022-07-29,IE00B14X4S71
141635,4.6570508078650805,4.656326120942267,2022-08-01,IE00B14X4S71
141678,4.659753063758383,4.658156296753159,2022-08-02,IE00B14X4S71
141721,4.665559486000875,4.666808881693047,2022-08-03,IE00B14X4S71
141764,4.665465341771847,4.668526133160624,2022-08-04,IE00B14X4S71
141807,4.6701148746284735,4.668810491350625,2022-08-05,IE00B14X4S71
141850,4.665135767155525,4.664588433368588,2022-08-08,IE00B14X4S71
141893,4.666829566374819,4.666308558165148,2022-08-09,IE00B14X4S71
141936,4.654864703011944,4.65279872334932,2022-08-10,IE00B14X4S71
141979,4.65757286478114,4.6556940844665045,2022-08-11,IE00B14X4S71
142022,4.664193526437552,4.664723174987604,2022-08-12,IE00B14X4S71
142065,4.669036606316506,4.66881142969264,2022-08-15,IE00B14X4S71
142108,4.667769327744611,4.666659375134932,2022-08-16,IE00B14X4S71
142151,4.669271111394615,4.669969610587394,2022-08-17,IE00B14X4S71
142194,4.674789527868148,4.67460389362584,2022-08-18,IE00B14X4S71
142237,4.689878913915045,4.691059767333537,2022-08-19,IE00B14X4S71
142280,4.69391339582248,4.690865196948005,2022-08-22,IE00B14X4S71
142323,4.686565824192085,4.686077135481672,2022-08-23,IE00B14X4S71
142366,4.690062653006054,4.687602344341549,2022-08-24,IE00B14X4S71
142409,4.6886837862159085,4.687801233326241,2022-08-25,IE00B14X4S71
142452,4.691806492647638,4.6905264440237096,2022-08-26,IE00B14X4S71
142495,4.7026598072653485,4.702316860221901,2022-08-31,IE00B14X4S71
142538,4.710520701595917,4.7109643076252565,2022-09-01,IE00B14X4S71
142581,4.708673979002753,4.7082140202105585,2022-09-02,IE00B14X4S71
142624,4.714383270961408,,2022-09-05,IE00B14X4S71
142667,4.710340683593631,,2022-09-06,IE00B14X4S71
142710,4.716711560720999,4.717743228726289,2022-09-07,IE00B14X4S71
142753,4.714562562759288,4.714433475905171,2022-09-08,IE00B14X4S71
142796,4.7066431549187255,4.705597252171878,2022-09-09,IE00B14X4S71
142839,4.696061526176159,4.694964270985327,2022-09-12,IE00B14X4S71
142882,4.70817793606232,4.705697641202064,2022-09-13,IE00B14X4S71
142925,4.703430555155611,4.701574312668827,2022-09-14,IE00B14X4S71
142968,4.702750514326955,4.702660714376693,2022-09-15,IE00B14X4S71
143011,4.70871906161665,4.70810937259327,2022-09-16,IE00B14X4S71
143054,4.714741822417382,4.714504296450868,2022-09-21,IE00B14X4S71
143097,4.7187220606722065,4.7188247110606945,2022-09-22,IE00B14X4S71
143140,4.746669748261791,4.750033874903587,2022-09-23,IE00B14X4S71
143183,4.756602889748301,4.758116998600777,2022-09-26,IE00B14X4S71
143226,4.760206188087624,4.759567978137728,2022-09-27,IE00B14X4S71
143269,4.764521604214522,4.766170212536595,2022-09-28,IE00B14X4S71
143312,4.739307644917322,4.738740827842353,2022-09-29,IE00B14X4S71
143355,4.728979471714378,4.726563585319994,2022-09-30,IE00B14X4S71
143398,4.717963013463214,4.717994279724463,2022-10-03,IE00B14X4S71
143441,4.705106014600691,4.707655472132254,2022-10-04,IE00B14X4S71
143484,4.7201047240801906,4.721003767136654,2022-10-05,IE00B14X4S71
143527,4.725350346244197,4.723866582181497,2022-10-06,IE00B14X4S71
143570,4.730745008896157,4.728242320778076,2022-10-07,IE00B14X4S71
143613,4.736680788190302,,2022-10-10,IE00B14X4S71
143656,4.731450351898421,,2022-10-11,IE00B14X4S71
143699,4.7337832534560675,4.734686780083677,2022-10-12,IE00B14X4S71
143742,4.709710365262016,4.716998639366868,2022-10-13,IE00B14X4S71
143785,4.718498871295094,4.71508322317635,2022-10-14,IE00B14X4S71
143828,4.702387636703451,4.700464002022167,2022-10-17,IE00B14X4S71
143871,4.71348632947155,4.711052465503479,2022-10-18,IE00B14X4S71
143914,4.716085246559246,4.714272093901066,2022-10-19,IE00B14X4S71
143957,4.711510221759418,4.707601315179978,2022-10-20,IE00B14X4S71
144000,4.720015577657132,4.724085913240408,2022-10-21,IE00B14X4S71
